Year,Inflation,Total US,US Large,USL Value,US Mid,USM Value,US Small,USS Value,US Dividend Appreciation,US REIT,US Consumer Staples,US Health Care,US Energy,Total International,International Developed,International Developed Value,International Developed Small,Emerging Markets,Emerging Small Cap,Frontier Markets,Global REIT,Sweden,Australia,South Africa,Gold,Commodities,Emerging Market Bonds,International Bonds,Corporate Bonds,US Bonds,TIPS,Intermediate Municipal Bonds,Long Term Treasuries,Intermediate Treasuries,Short Term Treasuries,Treasury Bills,Custom Portfolio 1,Custom Portfolio 2,Custom Portfolio 3,Custom Portfolio 4,Custom Portfolio 5,Engineered Tax-Free 20 Year,Engineered Tax-Free 10 Year,Engineered Tax-Free 5 Year,Engineered Tax-Free 3 Year,Engineered Tax-Free 2 Year,Engineered Tax-Free 1 Year,Engineered Taxable 20 Year,Engineered Taxable 10 Year,Engineered Taxable 5 Year,Engineered Taxable 3 Year,Engineered Taxable 2 Year,Engineered Taxable 1 Year,Engineer Chris's 401k,Engineer Chris's Taxable,Engineer Steve's Utah 529 Plan,Engineer Steve's 401k,Engineer Steve's IRA,Engineer Steve's Taxable Savings,Simply Engineered Tax-Free 20 Year,Simply Engineered Tax-Free 10 Year,Simply Engineered Tax-Free 5 Year,Simply Engineered Tax-Free 3 Year,Simply Engineered Tax-Free 2 Year,Simply Engineered Tax-Free 1 Year,Simply Engineered Taxable 20 Year,Simply Engineered Taxable 10 Year,Simply Engineered Taxable 5 Year,Simply Engineered Taxable 3 Year,Simply Engineered Taxable 2 Year,Simply Engineered Taxable 1 Year,Wealthfront Tax-Free 10,Wealthfront Tax-Free 8.5,Wealthfront Tax-Free 6,Wealthfront Tax-Free 3,Wealthfront Tax-Free 0.5,Wealthfront Taxable 10,Wealthfront Taxable 8.5,Wealthfront Taxable 6,Wealthfront Taxable 3,Wealthfront Taxable 0.5,Betterment Tax-Free 100% Stocks,Betterment Tax-Free 90% Stocks,Betterment Tax-Free 70% Stocks,Betterment Tax-Free 50% Stocks,Betterment Tax-Free 30% Stocks,Betterment Tax-Free 10% Stocks,Betterment Taxable 100% Stocks,Betterment Taxable 90% Stocks,Betterment Taxable 70% Stocks,Betterment Taxable 50% Stocks,Betterment Taxable 30% Stocks,Betterment Taxable 10% Stocks,Vanguard Aggressive Growth,Vanguard Growth,Vanguard Moderate Growth,Vanguard Conservative Growth,Vanguard Income,Vanguard Conservative Income,Bill Bernstein No Brainer,Bill Bernstein Smart Money,Rick Ferri Core Four,David Swenson Yale Endowment,Ted Aronson Family Taxable,Scott Burns Five Fold,Scott Burns Six Ways from Sunday,FundAdvice Ultimate Buy & Hold,Bill Schultheis Coffe House,Larry Swedroe Simple Portfolio,Harry Browne Permanent,Ray Dalio All-Weather Portfolio
1972,0.03406325999999993,0.13306932799999993,0.15403578099999993,0.11459591000000002,0.04123981100000007,0.07924301299999992,0.05159000600000008,0.07359181299999995,0.11459591000000002,0.04313602200000011,0.15403578099999993,0.15403578099999993,0.15403578099999993,0.3467489530000001,0.3277111429999999,0.32403673999999993,0.6023662009999999,0.462996443,0.462996443,0.462996443,0.11903925400000004,0.10661314899999996,0.32513674000000004,0.462996443,0.4497367400000001,0.37963674000000003,0.09471812499999999,0.05379831200000007,-0.001963260300000047,0.02124824099999989,-0.060011364099999964,0.02124824099999989,-0.05856674819999996,-0.003863260299999949,-0.0028360037000000338,0.00300338,0.13915531399999992,0.20529950499999994,0.24801493800000007,0.15966529799999996,0.15457635700000005,0.316689247,0.315363276,0.1911818970000001,0.1272706240000001,0.07674252699999995,0.05407869800000009,0.316689247,0.178712333,0.1442362239999999,0.10917502099999998,0.05477269200000001,0.050258571000000085,0.22385780499999997,0.27491429700000003,0.15035938800000004,0.24246995000000005,0.23599454399999997,0.12371528899999995,0.34967563599999996,0.24536299699999997,0.142703142,0.150482177,0.1077809569999999,0.10646773800000009,0.27557688999999996,0.287883503,0.14073836000000006,0.153849291,0.1343384649999999,0.10646773800000009,0.24982687599999998,0.20444235599999994,0.1654613570000001,0.11490291099999994,0.053928581000000086,0.2669920349999999,0.2330611359999999,0.18980572800000006,0.12756440199999997,0.07153875100000007,0.247584295,0.223031749,0.177693227,0.12940965100000001,0.07613662199999993,0.023424188999999984,0.247584295,0.222929025,0.17743147799999992,0.1289030819999999,0.075841512,0.023339063000000104,0.21854117799999995,0.18178845499999996,0.14393478299999996,0.1064292,0.06848629599999989,0.0006298149999999225,0.132625231,0.09789110499999998,0.154793556,0.10306777900000008,0.135927146,0.10334825000000003,0.11151897899999996,0.1656362629999999,0.08686914500000009,0.071574947,0.1318106750000001,0.07811762100000008
1973,0.08705882400000009,-0.2693671302,-0.23542144330000003,-0.18545587689999998,-0.3238343844,-0.22282118750000002,-0.411239707,-0.3328983792,-0.18545587689999998,-0.24425012609999996,-0.23542144330000003,-0.23542144330000003,-0.23542144330000003,-0.23628053569999996,-0.23682403480000003,-0.2396588235,-0.22711939940000003,-0.22789406720000005,-0.22789406720000005,-0.22789406720000005,-0.24225772850000005,-0.058336371,-0.34985882349999997,-0.22789406720000005,0.638241176,0.6494411760000001,-0.08837022530000005,-0.07286757619999995,-0.07265882349999997,-0.05471058070000001,-0.1269789832,-0.05471058070000001,-0.07767758599999997,-0.051258823499999995,-0.04250438079999996,-0.019020058399999984,-0.005458721500000041,-0.18065353490000002,-0.19818673669999998,-0.1635500394,-0.13355931710000002,-0.2112742633,-0.12466073899999996,-0.07998978769999998,-0.045937845099999985,-0.028714551300000002,0.01014530800000002,-0.2112742633,-0.14656927249999996,-0.10527280750000001,-0.0254255189,-0.028878024499999988,0.0009532880000000521,-0.11372356480000001,-0.15681460940000003,-0.27398230339999996,-0.19862817079999995,-0.22837677219999997,-0.029310984700000042,-0.05500298420000005,-0.024959688000000035,-0.019225291499999964,-0.01153136060000004,0.03312469100000004,0.04965652399999998,-0.227215457,-0.056508459400000044,-0.02410004560000001,-0.012190650400000003,-0.00301748150000003,0.04965652399999998,-0.22345534980000004,-0.2189807883,-0.19189261840000005,-0.15818915629999997,-0.13040322370000001,-0.23384994729999997,-0.22539280959999997,-0.20183321440000002,-0.17048563250000004,-0.1399494322,-0.23557348190000005,-0.2196036751,-0.1862736345,-0.15379581139999998,-0.1196458882,-0.07721583899999995,-0.23557348190000005,-0.21920651739999997,-0.1850462652,-0.15190065750000004,-0.11775109380000004,-0.0760252011,-0.2561324924,-0.21705292659999997,-0.1781206367,-0.1389256741,-0.09933448499999997,-0.06127867109999996,-0.23149739150000004,-0.1805956231,-0.2164856773,-0.20727695830000004,-0.2228907431,-0.18994887029999996,-0.19745098579999998,-0.18024122600000003,-0.18643883910000003,-0.22227730339999996,0.06804410000000005,-0.022993820499999984
1974,0.12337662299999996,-0.3965395627,-0.38955074479999996,-0.3371947901,-0.3874703852,-0.32317286440000004,-0.399448692,-0.3365231799,-0.3371947901,-0.33941492380000005,-0.35455074480000004,-0.3065507448,-0.36755074480000005,-0.3602055997,-0.35606720189999996,-0.3580766234,-0.41230369320000004,-0.37883361530000004,-0.37883361530000004,-0.37883361530000004,-0.3446125928,-0.11289489870000002,-0.39017662340000003,-0.13767662339999998,0.533923377,0.26142337700000007,-0.11492143519999998,-0.0855978597,-0.18267662340000002,-0.055085888599999966,-0.07347642379999997,-0.055085888599999966,-0.07524547810000004,-0.07947662339999995,-0.057122294200000034,-0.04434774939999997,-0.053871746200000015,-0.2773165137,-0.3088212791,-0.24407173380000002,-0.19655673289999998,-0.31882933570000005,-0.22755363650000004,-0.13952607039999998,-0.07699559229999997,-0.061288874099999946,-0.021441026700000032,-0.31882933570000005,-0.21126924680000003,-0.15721094999999996,-0.047456387800000055,-0.034516473599999986,-0.019724861200000054,-0.2098814162,-0.2646007403,-0.33953958230000003,-0.3080644881,-0.34606749130000003,-0.06683108380000002,-0.18698750819999999,-0.1262698808,-0.06946349230000004,-0.059566859200000044,0.005613944000000037,0.012871389999999927,-0.35840675639999997,-0.18213093410000003,-0.10844371500000005,-0.06583885550000002,-0.054279027300000005,0.012871389999999927,-0.34762937149999995,-0.3415654523,-0.3102525801,-0.2692169241,-0.1929697453,-0.3620990623,-0.34711103990000003,-0.304339484,-0.24573764509999996,-0.18263206330000004,-0.35935391549999995,-0.3334826234,-0.28022403139999996,-0.22639217730000005,-0.16615414090000002,-0.09946191339999999,-0.35935391549999995,-0.3317434936,-0.2747514606,-0.2176483522,-0.15751397310000004,-0.09385620910000003,-0.3820059775,-0.31868512969999996,-0.25551543990000003,-0.19196214030000003,-0.12776226739999996,-0.05855721079999998,-0.3005472332,-0.2501349625,-0.31495870560000006,-0.28150489990000005,-0.29372814199999997,-0.2510468739,-0.27027735779999995,-0.24718130019999995,-0.2382681484,-0.24407990059999995,0.00444764700000011,-0.1013305471
1975,0.06936416200000006,0.3154201830000001,0.30044414499999994,0.336310275,0.4150181449999999,0.4983817399999999,0.477135259,0.4609035749999999,0.336310275,0.12054208200000005,0.273444145,0.033444145000000036,0.16844414500000005,0.29483460100000003,0.28341833400000005,0.29663583800000004,0.4237114580000001,0.36789289000000003,0.36789289000000003,0.36789289000000003,0.164115212,0.26934977699999996,0.47183583800000006,-0.26466416179999996,-0.31926416179999995,-0.24776416180000005,0.07296810600000003,0.040198686000000095,0.09683583800000006,0.011905805999999908,0.09231248500000011,0.011905805999999908,0.011791169999999962,-0.0021641618000000085,0.012206834999999971,-0.012315505600000054,0.0878392400000001,0.32851007899999995,0.31504428100000004,0.243846864,0.15221025300000002,0.31315460800000006,0.24443890300000004,0.14758909800000009,0.057760940000000094,0.06734968600000002,0.023773570999999993,0.31315460800000006,0.2319324519999999,0.1608559140000001,0.03166731199999995,0.045488704000000046,0.017196466999999993,0.21378836599999995,0.32516554499999994,0.374427058,0.30739917699999997,0.35522936399999994,0.058452796999999945,0.24883321400000002,0.17761286999999992,0.0999685669999999,0.09343761000000006,0.03559177799999991,0.020938579000000068,0.41236239499999994,0.22994346500000007,0.19254692699999998,0.10005170000000008,0.08789944599999999,0.020938579000000068,0.2747935050000001,0.268854739,0.23919294599999996,0.20166740399999994,0.1420904030000001,0.30410369699999995,0.287139743,0.24336311,0.18933442699999992,0.14785277399999996,0.3318368220000001,0.301288209,0.24339206599999996,0.1885468159999999,0.12964678200000002,0.06082888800000008,0.3318368220000001,0.30004275699999994,0.2394858499999999,0.18237161899999998,0.12350434900000007,0.05686598300000001,0.30718595000000004,0.2500692520000001,0.19302718800000007,0.13566873200000007,0.07772383300000008,0.024072168000000005,0.26830114299999996,0.20278909300000003,0.23418651999999995,0.19525741400000007,0.26339370900000003,0.172661607,0.1718393359999999,0.22135827500000005,0.2037793160000001,0.2718130299999999,-0.0010920785000000377,0.05649077400000002
1976,0.04864864899999999,0.21632739,0.18837211799999998,0.28357614099999995,0.318053586,0.4150539070000001,0.4066271560000001,0.505047893,0.28357614099999995,0.4235237030000001,0.0783721180000001,-0.030627881899999987,0.3003721180000001,-0.01871450379999995,-0.02457031909999996,-0.012348648599999956,0.06184253399999995,0.02082209800000001,0.02082209800000001,0.02082209800000001,0.3129641510000001,-0.004904065800000024,-0.01744864859999995,-0.16394864860000002,-0.09204864859999995,-0.17444864859999998,0.054317179999999965,0.058038854999999945,0.1439513509999999,0.0665670060000001,-0.0516426606,0.0665670060000001,0.12004030500000007,0.06505135099999992,0.03752477800000009,0.001406301999999915,0.11909262900000006,0.21352218699999992,0.13922619300000005,0.1483751740000001,0.07697216400000007,0.09833285999999997,0.08704578499999993,0.10038188899999989,0.06600564699999989,0.06739959999999989,0.03378392599999991,0.09833285999999997,0.20364185899999998,0.16930791899999997,0.05901668999999998,0.0633975200000001,0.043636140000000045,0.20244967199999997,0.18801139199999994,0.2624414100000001,0.15648377200000008,0.16244323699999996,0.0872527569999999,0.09680840199999996,0.11665204299999998,0.13314576899999997,0.1231954449999999,0.1109231610000001,0.0834436300000001,0.1982289129999999,0.10831840599999998,0.18729431799999996,0.11664266400000001,0.11328418400000007,0.0834436300000001,0.13820774400000002,0.16626087599999995,0.16142669500000006,0.15447458300000005,0.093516728,0.10995334599999995,0.12150257200000003,0.1227917999999999,0.11832029199999994,0.09136182700000006,0.13102643400000002,0.12523948500000004,0.11623316199999989,0.10893505599999997,0.08434943800000005,0.05361490899999999,0.13102643400000002,0.12448206699999997,0.11380613900000003,0.10493531500000008,0.08043379500000003,0.0509990039999999,0.12231063200000003,0.1100948530000001,0.09906281100000003,0.08740239699999997,0.07567750300000009,0.03867077600000002,0.1519884330000001,0.1774236680000001,0.14654096399999994,0.15721816100000008,0.12016360599999998,0.12550655700000002,0.15467846100000004,0.12892042300000006,0.20547005299999999,0.14972563099999991,0.06143133699999992,0.10268474400000005
1977,0.06701030900000005,-0.11054066070000002,-0.1464831527,-0.1012692101,-0.05661146530000005,-0.018722093800000006,0.08730465399999998,0.09084545100000008,-0.1012692101,0.15381554399999997,-0.11348315269999998,-0.16348315270000002,-0.09348315269999996,0.16004017999999998,0.112927746,0.15398969100000004,0.667372474,0.43403623699999994,0.43403623699999994,0.43403623699999994,0.15537170299999992,-0.19645821350000003,0.060189690999999934,0.13268969099999994,0.156289691,0.028489691000000095,0.026496142000000056,-0.018786091099999958,-0.03611030930000003,-0.03865567670000003,0.010834001999999954,-0.03865567670000003,-0.06952476090000004,-0.041310309300000014,-0.02984765069999995,-0.01695535869999998,0.013029731999999905,0.18558736799999997,0.17993574099999998,0.08539735800000003,0.08538455899999997,0.18746384100000002,0.15968918600000004,0.049641292000000004,-0.0229548812,-0.01396603910000005,0.002788336000000058,0.18746384100000002,-0.008368157599999981,-0.020009339599999953,-0.013710528399999977,0.009422430999999953,0.011758130999999894,0.17679042500000008,0.18029909700000002,0.10559107100000009,0.193300676,0.10506500400000007,-0.018469383500000047,0.22509863100000005,0.1243864320000001,0.018124674000000063,0.015242044000000066,0.029756832999999983,0.03925381299999997,0.19009627400000007,0.1155947530000001,-0.012832482099999987,0.02606009599999992,0.014791337999999987,0.03925381299999997,0.1603166519999999,0.08643564599999998,0.05367611300000008,0.007573258000000083,0.019478050000000025,0.1063793529999999,0.06057953699999996,0.02964155699999993,-0.01118895529999997,-0.01169462050000003,0.06970985299999999,0.054547729999999905,0.030247657999999955,0.009867016999999922,-0.005188324499999952,-0.019619716899999973,0.06970985299999999,0.05430116500000004,0.029502874000000068,0.008720878000000098,-0.006304474699999951,-0.020290113499999984,-0.002308324599999967,-0.007645762300000025,-0.014355973899999985,-0.020433269099999984,-0.026637375299999988,-0.028149415799999966,0.005975398999999992,0.010902997999999942,-0.010075765900000033,0.027438269999999987,0.034426094999999934,0.03907259499999993,0.016947373000000043,0.11957532699999995,0.008963075999999903,0.05149975099999993,-0.010182772399999984,-0.05331019540000004
1978,0.09017713399999994,-0.016894386100000047,-0.03117713369999997,-0.029955218500000047,-0.004049480599999988,-0.0022977762000000457,0.08254866999999999,0.09365707599999995,-0.029955218500000047,0.0099625029999999,-0.04217713369999998,-0.005177133699999947,0.02082286600000005,0.264342922,0.23463053900000008,0.25282286600000003,0.559020834,0.4407707380000001,0.4407707380000001,0.4407707380000001,0.073557608,0.11879679499999996,0.14802286600000003,0.275522866,0.2765228660000001,0.21612286600000008,0.011322062000000077,-0.0363944571,-0.08727713370000001,-0.06980972149999998,0.006629253999999918,-0.13552953369999998,-0.10654890449999999,-0.07337713369999999,-0.05384019139999996,-0.019141066099999993,0.04087057899999991,0.14604884100000004,0.16975355199999997,0.06763746000000004,0.060818123,0.230495299,0.21407051100000007,0.0981314929999999,0.028497242999999894,-0.008141152999999957,0.012961349000000011,0.230495299,0.07900297299999992,0.052545198000000015,0.028927890000000067,0.0063349710000000226,0.01921530799999993,0.1742611249999999,0.2027446020000001,0.126603142,0.17236053299999998,0.14543739700000002,0.008381560999999982,0.24636790599999991,0.136903977,0.046555193000000106,0.04435972599999993,0.03853796799999998,0.06255134900000003,0.19060377699999997,0.14977833100000004,0.024640255,0.05709693599999999,0.04406448500000004,0.06255134900000003,0.17714026399999994,0.11458703199999998,0.07290312500000007,0.017237756999999965,0.005937789000000082,0.16842511999999998,0.12301551500000008,0.06880520200000007,0.005421284000000082,-0.014909573399999987,0.150758218,0.12586889600000006,0.08103163699999993,0.03774269400000008,0.001943228000000019,-0.03281496809999995,0.150758218,0.12214459900000008,0.06923648500000001,0.018164713,-0.018103289000000022,-0.04601879959999999,0.09560053699999993,0.06542002899999999,0.03379991799999993,0.002722781999999979,-0.02874142160000004,-0.05275453969999999,0.05804047099999998,0.02461232400000002,0.04216805200000007,0.03916935500000007,0.07930745199999989,0.04552916699999998,0.04120910700000002,0.11216841900000007,0.011013992999999944,0.07343610899999997,0.03348462699999999,-0.021746017699999953
1979,0.13293943900000005,0.09509570500000009,0.04706056099999989,0.069415381,0.1894158509999999,0.1638408280000001,0.29520427400000004,0.2183579659999999,0.069415381,0.222536324,-0.09293943869999999,0.09706056099999993,0.316060561,-0.09053273350000002,-0.08588179060000001,-0.09833943869999995,-0.1443970456,-0.11031410230000005,-0.11031410230000005,-0.11031410230000005,0.14426906000000006,-0.10043592609999996,0.25226056099999994,0.8047605609999999,1.179860561,0.195260561,-0.07477963070000004,-0.07083135600000001,-0.15473943869999995,-0.06864231409999999,-0.03513504749999996,-0.14864493869999995,-0.14027357259999995,-0.11583943870000002,-0.07079798989999997,-0.02993214529999999,0.23316775699999992,-0.026029611699999955,-0.06481666620000004,-0.05648230860000003,-0.10341674540000001,0.03367051200000004,0.1626879779999999,0.161920359,0.14624751800000002,0.079508358,0.10581421099999999,0.03367051200000004,0.2778764469999999,0.23727988,0.14824609499999997,0.09074051099999991,0.1114848289999999,0.1908958970000001,0.14524081199999994,0.0956975069999999,-0.049042878099999965,0.014602521999999896,0.15064584400000003,0.1992101610000001,0.193218267,0.21804517700000003,0.23316108400000002,0.23759604700000003,0.261684418,-0.0039937861000000074,0.20268509299999993,0.254865841,0.23194029399999994,0.232736622,0.261684418,-0.0038734953000000294,0.017486400999999985,-0.010146306700000052,-0.0425410356,-0.06315072789999998,-0.0056801031,0.00037146999999992936,-0.011771427200000018,-0.021423901000000023,-0.030707629400000047,0.0008229200000000603,-0.0075130787999999615,-0.022661025,-0.03497723159999999,-0.04737387319999997,-0.06210965099999999,0.0008229200000000603,-0.010862072699999947,-0.03333583870000001,-0.05296701940000004,-0.06604594539999997,-0.07454108960000005,0.020844330000000078,0.002422511000000016,-0.015068976200000028,-0.033097647499999994,-0.05126816639999998,-0.06437071059999999,0.046396263999999965,0.008489060999999909,0.027992526000000018,0.028326709999999977,0.005033526999999927,0.024226577999999943,0.07278577899999994,-0.009159376900000016,0.048747252000000074,0.05029184800000008,0.27618763700000004,0.058177450999999936
1980,0.1251629729999999,0.19971721900000006,0.19383702700000005,0.11610623499999995,0.19719231700000006,0.04847977700000006,0.25807055999999995,0.126334033,0.11610623499999995,0.11561101500000004,0.02283702700000001,0.18183702700000004,0.613837027,0.10443191900000004,0.09973462,0.0643370270000001,0.22444348299999994,0.13866639000000003,0.13866639000000003,0.13866639000000003,0.11281624099999998,0.15447497200000004,0.3930370270000001,0.27753702699999994,-0.0023629725999999573,-0.022562972599999953,-0.02603582520000003,-0.044336071399999955,-0.12876297260000003,-0.060865847999999945,0.026533633999999973,-0.22865887259999995,-0.15648758389999995,-0.10116297259999996,-0.056331804199999946,-0.013163771899999954,0.005922087000000076,0.04329795500000011,0.055587819000000094,0.01568137100000011,-0.0028817985000000323,0.130086535,0.11598359899999999,0.043487810000000016,0.004022313999999971,-0.022757998200000018,-0.00506682650000001,0.130086535,0.14387877299999996,0.09766414999999995,-0.0034411645999999907,-0.014602911799999951,0.0010656220000000438,0.09933318599999996,0.09932025200000005,0.13949385199999997,0.060226517999999896,0.09222726699999995,-0.046406707599999986,0.08641274099999996,0.02738194599999999,-0.007143064199999993,0.008321234000000066,-0.009911679100000015,0.01689594900000002,0.0965812909999999,0.06324686800000001,-0.0078107952000000536,0.012888092000000073,0.006828896000000029,0.01689594900000002,0.11829090399999997,0.11610760099999995,0.07488066199999999,0.026298828999999913,-0.0063548363,0.1567668579999999,0.14048675100000008,0.09213443199999993,0.04245559599999993,0.015119622999999915,0.12489862499999993,0.10509848500000007,0.067530184,0.03268455400000003,0.0016835520000000326,-0.03264527890000002,0.12489862499999993,0.09660270300000007,0.04050070100000003,-0.012458484000000047,-0.0448231107,-0.06349988159999997,0.16160309899999992,0.11807582300000008,0.07500844400000006,0.03150644199999997,-0.01242144199999995,-0.04616901029999998,0.1238276009999999,0.049327281000000056,0.11800363699999994,0.08543778899999999,0.100294404,0.08039154299999995,0.168919453,0.0771665749999999,0.0670927400000001,0.09443913600000009,0.006925722999999939,-0.019723759599999946
1981,0.089223638,-0.12776197710000003,-0.14122363849999997,-0.07844734630000005,-0.0672675506,0.009236106999999993,-0.07125956659999999,0.05748294800000009,-0.07844734630000005,-0.03197249150000003,0.08277636199999994,-0.05822363850000001,-0.3282236385,-0.09301529679999998,-0.10011383730000001,-0.032323638499999974,-0.09191368529999999,-0.046664084999999966,-0.046664084999999966,-0.046664084999999966,-0.047233192800000046,0.540172885,-0.20202363850000005,-0.0875236385,-0.4169236385,-0.32502363850000004,0.0007373939999999468,0.0060042240000000024,-0.06042363849999999,0.017006392999999953,-0.03133940690000003,-0.16320963850000003,-0.08748151209999999,-0.04562363849999995,0.01251722700000002,0.056744990000000106,-0.04942814169999998,-0.05214711240000003,-0.026809362900000022,-0.014075267199999963,-0.014721643599999945,0.035951864000000056,-0.0010740912000000158,-0.012916513399999996,-0.0012474768000000358,-0.028519488799999992,-0.0092552776,0.035951864000000056,0.0006492799999999743,-0.030872953200000053,-0.008722306999999985,-0.035106381500000006,-0.0033303765000000096,-0.07332214150000005,-0.046251830500000035,-0.02295058179999998,-0.0325468055,-0.005891883999999958,-0.07211482199999997,-0.09269778809999996,-0.10086127359999997,-0.07268168939999997,-0.05073074209999995,-0.06347996869999994,-0.037841144199999954,-0.007465839099999982,-0.06680969879999998,-0.0806313152,-0.05268194169999996,-0.05032597510000003,-0.037841144199999954,-0.0687832934,-0.07453096960000005,-0.07146248919999998,-0.06745457629999996,-0.04905056969999999,-0.10674003229999995,-0.11360020910000002,-0.12571850389999994,-0.13343035839999995,-0.11690590909999998,-0.0792114491,-0.07309985210000003,-0.05800366550000002,-0.04216169160000005,-0.0258931644,-0.0053802453000000305,-0.0792114491,-0.0818587637,-0.08592770029999997,-0.08901284180000002,-0.07418170570000004,-0.037518613399999956,-0.11386330499999997,-0.08839002380000005,-0.06307947380000001,-0.03756566419999996,-0.011797064599999962,0.008183314999999913,-0.07501995390000005,-0.05701638259999997,-0.08280594090000004,-0.07989650910000001,-0.08258377650000004,-0.055616989600000055,-0.10083229500000002,-0.03487883579999995,-0.029040981700000024,-0.031012802500000047,-0.1438555345,-0.13581078950000003
1982,0.03829787200000001,0.16777241499999995,0.17070212800000006,0.15906792300000006,0.19224105000000002,0.25430634500000004,0.20820911399999997,0.244137257,0.15906792300000006,0.17454872600000004,0.330702128,0.17470212800000007,-0.16729787230000004,-0.04977262790000003,-0.04818897040000003,-0.04889787229999998,-0.041585707400000005,-0.05255083760000001,-0.05255083760000001,-0.05255083760000001,0.11846838799999992,0.3597678150000001,-0.19609787229999998,0.3394021279999999,0.11730212799999995,0.06900212799999994,0.16336151500000007,0.18735177699999994,0.352802128,0.2136989330000001,-0.11614218369999996,0.2723518279999999,0.37650449099999994,0.3133021279999999,0.20064819899999997,0.06570852199999999,0.221297729,0.19628033199999995,0.173475284,0.226725238,0.21333432400000008,0.1680913799999999,0.185076676,0.253057168,0.2745248899999999,0.17895662299999993,0.08370692000000002,0.1680913799999999,0.2307465660000001,0.248563525,0.26021442399999994,0.133255283,0.08532472699999993,0.12131402699999994,0.13643642700000003,0.14485784499999999,0.16566761399999996,0.15032506599999995,0.29170445599999995,0.12163481100000006,0.20744587700000006,0.24640150400000005,0.218638444,0.19528694299999994,0.11171299000000001,0.14903565399999996,0.19828540399999994,0.26662428699999996,0.2112302450000001,0.21868758200000005,0.11171299000000001,0.06999402499999996,0.09768150900000006,0.14076891199999997,0.19610568500000003,0.13894681499999995,0.046262226999999934,0.067778648,0.10672198299999991,0.12721495700000007,0.08674255099999995,0.05896397799999997,0.07533250100000011,0.11005123600000011,0.14014787000000006,0.14858972700000006,0.16629403199999993,0.05896397799999997,0.07725944100000004,0.1161403780000001,0.15025803000000004,0.159393562,0.17340724900000004,0.08075439800000006,0.10506391400000004,0.13048750200000003,0.15549557999999997,0.18081305600000008,0.1596550080000001,0.1328426170000001,0.20249868400000004,0.12528901299999995,0.11443992799999991,0.09701530600000008,0.0727516210000001,0.03302592999999998,0.10086253899999997,0.17616882499999997,0.03263233100000007,0.18182188900000007,0.26190165900000006
1983,0.037909836000000086,0.1801412819999999,0.175090164,0.24227376,0.1976191060000001,0.2868761799999999,0.2505133180000001,0.345323697,0.24227376,0.2647033700000001,0.13909016399999996,0.02609016399999997,0.2080901639999999,0.217328639,0.2069697720000001,0.215290164,0.3182722899999999,0.283728757,0.283728757,0.283728757,0.25285968699999994,0.651103185,0.594290164,0.09979016400000007,-0.20960983609999995,0.11599016400000006,0.08224545399999994,0.05985842000000008,0.054090163999999996,0.042361729000000015,0.1307528389999999,0.02706186399999999,-0.020093535600000045,0.013790163999999994,0.039298843999999944,0.049111844000000016,0.07129292000000009,0.2048320210000001,0.20157477099999999,0.153301366,0.10789781399999998,0.2806828130000001,0.231348954,0.16144567100000007,0.10940317,0.06301473400000002,0.05625486700000004,0.2806828130000001,0.22919537600000006,0.17673528299999997,0.09911774899999992,0.06802575299999991,0.060349949999999986,0.2023170190000001,0.22052955900000004,0.2402406399999999,0.20785543100000003,0.227313777,0.0688425829999999,0.163671511,0.10290705199999994,0.06739118900000007,0.07540483500000006,0.05133465600000009,0.05660987900000003,0.2629687140000001,0.13474379200000008,0.09662783000000008,0.07926966499999999,0.07068034300000003,0.05660987900000003,0.22438633400000008,0.21464463,0.1853620789999999,0.1461575690000001,0.12434433399999989,0.21417709100000004,0.20092421299999996,0.1708825060000001,0.1409254419999999,0.1325314099999999,0.23112793499999995,0.21163430500000002,0.17591983499999997,0.14326822499999992,0.11089808099999998,0.07120180500000006,0.23112793499999995,0.21048663599999995,0.17230037200000003,0.13738143699999994,0.10487049100000001,0.06726167599999999,0.19501622500000004,0.1657844690000001,0.13634927900000005,0.10686818199999992,0.07707433800000008,0.054548386000000004,0.16796802499999997,0.15194125299999994,0.16827530400000001,0.16881385800000004,0.17015874199999992,0.17055690999999995,0.17674065799999994,0.18149622099999996,0.1664679870000001,0.2123443570000001,-0.00011256130000003584,0.04105201999999997
1984,0.03948667300000008,0.003843998000000015,0.02261332699999996,0.059096443999999915,-0.027510625300000036,-0.013230653499999967,-0.11433697259999998,-0.018528589400000017,0.059096443999999915,0.16637807799999993,0.10761332699999993,0.024613326999999963,0.04061332699999998,0.040736834999999916,0.03854310000000005,-0.012486673199999965,0.07259861100000009,0.059885398999999895,0.059885398999999895,0.059885398999999895,0.1349677680000001,-0.13810875489999996,-0.03928667320000001,0.04821332700000003,-0.23528667319999996,-0.036486673199999986,0.09202168799999999,0.09559238699999995,0.1259133269999999,0.10168744800000007,0.11620195,0.055838126999999904,0.10614914000000009,0.09201332700000009,0.08417903300000007,0.0575260150000001,0.007932908999999988,0.050048649000000056,0.06660316500000008,0.07496357499999995,0.09672818299999997,0.036383794000000025,0.00686658699999998,0.013288849999999908,0.02768954400000001,0.0538215689999999,0.030843310000000068,0.036383794000000025,-0.013286060700000046,-0.000964706400000015,0.023595272999999972,0.054150637,0.03092302299999994,0.024100557999999994,0.0046075910000000775,0.007752855999999975,0.06954140200000003,0.03823815900000005,0.01758694400000005,-0.0016839979999999644,0.007568749999999902,0.010393778000000076,0.01021557999999989,0.0032460500000000003,-0.016247443300000053,0.04272720599999991,0.00786158799999992,-0.009597102700000026,0.0059997570000001055,0.004431225999999899,-0.016247443300000053,0.06713796900000002,0.06444278199999998,0.07288582300000002,0.08094517700000003,0.10253866600000006,0.034852808999999985,0.03427638899999996,0.03507383900000005,0.0431994,0.06563986299999991,0.034047654000000094,0.03964733400000009,0.05308229200000003,0.06712482800000008,0.079623899,0.08763696199999993,0.034047654000000094,0.03697203199999999,0.04454943999999994,0.05294697600000009,0.06504035800000008,0.07793089400000008,0.018601132999999992,0.03486552700000001,0.0509515519999999,0.06720311200000006,0.083613465,0.09773667799999997,0.007749621999999956,0.050889350999999916,0.045269695,0.07655721300000007,0.037437471999999916,0.08455064900000009,0.07730086800000002,0.06064843399999997,0.056270891000000045,0.03847430000000007,-0.016941879999999965,0.037031853
1985,0.03798670500000001,0.2819014740000001,0.274313295,0.27412664600000003,0.279378565,0.280725541,0.2703965290000001,0.26939852499999994,0.27412664600000003,0.14992472600000006,0.391313295,0.3863132949999999,0.10209499299999991,0.531859633,0.527604263,0.573313295,0.6308386420000001,0.56572106,0.56572106,0.56572106,0.24540845300000003,0.244358313,0.3782132949999999,0.37571329499999995,0.019413295000000108,0.05391329500000008,0.12093407200000006,0.07151329499999992,0.20171329500000001,0.140128311,0.04883964299999999,0.13532579499999997,0.27501405,0.17781329499999998,0.10443575400000005,0.03571329500000009,0.18493783600000002,0.39104828599999997,0.42872251800000005,0.34360396800000004,0.30176151900000003,0.43572686799999993,0.38109609199999994,0.2894050100000001,0.226274254,0.13724464999999997,0.06347715499999995,0.43572686799999993,0.2624454620000001,0.2513770900000001,0.1940172440000001,0.10186458300000001,0.06920595499999993,0.2846868490000001,0.37549361700000006,0.33097489699999993,0.416653089,0.41302529900000007,0.2349367579999999,0.37760236699999994,0.319460965,0.2152146479999999,0.17835334400000002,0.127562328,0.07919034100000011,0.42986481600000004,0.342720814,0.24943834499999995,0.18109898800000002,0.17779932500000006,0.07919034100000011,0.381315214,0.34301266399999997,0.3121563169999999,0.2672475270000001,0.19273602599999995,0.399653904,0.3700970880000001,0.320959883,0.2522300559999999,0.18527073800000005,0.41874974499999995,0.386131271,0.325386776,0.26132982000000005,0.19653514799999994,0.1343015489999999,0.41874974499999995,0.3859492659999999,0.3246695639999999,0.2600480460000001,0.19503178200000004,0.13307144700000006,0.3818847379999999,0.3303081990000001,0.2775504849999999,0.2250822990000001,0.1720806079999999,0.11394261600000011,0.29418746000000007,0.26982559799999994,0.30297865999999996,0.2705601339999999,0.317225552,0.21680775399999996,0.19745038399999992,0.2947089839999999,0.23305325999999993,0.23337575199999994,0.1530105289999999,0.2267475510000001
1986,0.010978957000000067,0.14816640999999997,0.16962104300000003,0.186386838,0.16866176199999994,0.1656677499999999,0.043911263000000034,0.06087733000000006,0.186386838,0.17792987999999998,0.32062104300000005,0.2856210429999999,0.11602104299999993,0.6735151559999999,0.6864933179999999,0.6647210429999999,0.5785398239999999,0.6106696030000001,0.6106696030000001,0.6106696030000001,0.30182619899999996,0.520361318,0.4952210429999999,0.5417210429999999,0.175821043,0.0019210430000000667,0.15207589899999996,0.10112104300000002,0.15352104300000002,0.11821433399999992,0.20858192099999995,0.151170743,0.227482666,0.18042104299999995,0.11061641600000005,0.049021042999999986,0.15723003300000005,0.316331288,0.3805961769999999,0.282105123,0.26919578199999994,0.4413078800000001,0.397823024,0.3075441000000001,0.256766209,0.15305953400000005,0.09453180100000003,0.4413078800000001,0.2448256689999999,0.25217236500000006,0.2350059550000001,0.13137657999999997,0.08576208899999993,0.257577752,0.324995181,0.24641307999999995,0.37346161899999997,0.36352938599999995,0.23679403100000007,0.3702638519999999,0.293626465,0.1873755960000001,0.15533095900000005,0.11522910800000008,0.0767523000000001,0.3682331940000001,0.31225414000000007,0.21105204999999994,0.16400234599999997,0.15571044999999994,0.0767523000000001,0.3932415570000001,0.3373081,0.29805977800000005,0.23767286499999996,0.2184835300000001,0.39369799799999994,0.3596036439999999,0.30360309799999996,0.2447638110000001,0.2171972900000001,0.433552162,0.399411422,0.33483759300000004,0.2648831140000001,0.207100748,0.1494974360000001,0.433552162,0.40099072,0.3398344390000001,0.2733607389999999,0.21568328400000003,0.15514624899999996,0.35830590900000003,0.31086799499999995,0.2608204300000001,0.21177651799999997,0.16214735200000008,0.12911020100000004,0.2526605099999999,0.22939466500000005,0.2706407719999999,0.27895306500000006,0.31418601,0.26186288199999996,0.23724148499999997,0.278286099,0.17850988499999998,0.237071378,0.15012279100000003,0.17583680200000007
1987,0.044343891000000024,-0.028968491999999957,0.0027561089999998956,-0.0415500379,-0.044343891399999946,-0.06829598719999996,-0.13416425070000004,-0.11719818280000005,-0.0415500379,-0.0828437917,0.07075610899999996,0.016756108999999908,0.016956109000000108,0.22107219299999992,0.20353301899999998,0.2585561089999999,0.357170505,0.3281269550000001,0.3281269550000001,0.3281269550000001,-0.006864795399999957,-0.10876630119999997,-0.14514389139999995,-0.09364389139999996,0.19765610899999997,0.1841561089999999,0.07471319300000001,0.04655610899999996,-0.019443891400000024,-0.03455954640000003,0.03749243599999996,-0.02795759139999998,-0.07360289139999998,-0.042343891400000055,-0.004045023999999953,0.016856108999999897,0.02252189299999996,0.06626121900000004,0.12283093799999989,0.050293638000000085,0.07326405700000005,0.11731049700000007,0.10426341200000011,0.02140879700000009,-0.01439056449999998,0.025351174000000087,0.031454531999999924,0.11731049700000007,-0.021727409799999986,-0.031803780700000006,-0.018819225500000036,0.017134586999999923,0.01845274699999999,0.07215649300000004,0.11077409199999999,0.034590134000000106,0.11515094299999995,0.1054176710000001,-0.0020329310000000156,0.17708273799999996,0.09673676900000006,0.030464867000000062,0.032642118999999914,0.007561665999999967,0.02620525000000007,0.12389231900000008,0.12560856899999995,0.0116434700000001,0.044376441000000044,0.02862479699999998,0.02620525000000007,0.12314960899999994,0.07597406800000006,0.056180165000000004,0.029818351000000076,0.03252974999999991,0.127744882,0.09657332500000004,0.06530563099999998,0.02855253999999996,0.01968485199999992,0.10487048199999993,0.09203452299999992,0.0694288059999999,0.04572751300000011,0.026709563999999908,0.00837324500000003,0.10487048199999993,0.09133248400000005,0.06735847699999997,0.04254871900000001,0.023835996999999942,0.006755595000000003,0.07104778199999995,0.05554896899999995,0.03871883599999992,0.022464309999999932,0.005948561000000074,-0.013071666199999998,0.017019963000000082,-0.011248404900000009,0.02561303799999992,0.016260426000000106,0.0519248590000001,0.03866169099999994,0.03487615399999999,0.06454784899999999,-0.029016614700000054,0.02048076099999996,0.02798520800000004,-0.01584737160000005
1988,0.04419410700000004,0.13392090899999998,0.11800589300000008,0.1851014419999999,0.15141467500000005,0.1993188669999999,0.20231287899999995,0.24822106200000005,0.1851014419999999,0.0878625449999999,0.1500058929999999,0.08200589300000005,0.16950589299999996,0.25664404899999993,0.24064953300000003,0.25320589300000007,0.21056329000000007,0.355187932,0.355187932,0.355187932,0.1300579209999999,0.505171493,0.1620058929999999,0.0975058929999999,-0.19829410749999998,0.225605893,0.07611409599999996,0.0451058929999999,0.0473058930000001,0.029305893000000083,0.14243263899999992,0.05582409300000002,0.04732449300000008,0.009405893000000054,0.009817970000000065,0.027605893000000048,0.04781134199999992,0.15731877000000005,0.19248009500000007,0.12730368699999994,0.09646109199999997,0.2432829350000001,0.1879347309999999,0.13343532800000002,0.09830829000000008,0.046192280000000085,0.03541986499999994,0.2432829350000001,0.17689808100000004,0.14654028400000008,0.0823407060000001,0.05032517399999992,0.038730084,0.16252495099999997,0.19618766099999996,0.212399915,0.18937292699999997,0.23057914700000004,0.0782089800000001,0.14335637499999998,0.08178368699999994,0.06467428700000011,0.05486892599999993,0.01977375700000006,0.026548926000000028,0.22287897,0.1023199669999999,0.07953480199999996,0.057172983000000066,0.04391375700000011,0.026548926000000028,0.21257244799999997,0.187822865,0.1616379160000001,0.12650145899999998,0.11509624900000004,0.22330820100000004,0.20255931000000005,0.17264903899999995,0.14133006699999995,0.13608249299999997,0.226079924,0.20504475700000002,0.16673476499999995,0.13160569100000008,0.09727686499999999,0.052014591999999915,0.226079924,0.2061049399999999,0.17014449499999995,0.13748414199999992,0.1033175340000001,0.05608795999999994,0.183010165,0.15369009499999997,0.12374060899999995,0.09394775500000008,0.06382294700000002,0.03945413199999992,0.14269656899999994,0.12351586499999989,0.13876679000000003,0.14006917800000007,0.17188102399999994,0.13319320699999992,0.13909766199999996,0.1460940420000001,0.12153714399999993,0.1953963889999999,0.002639296999999985,0.06256533700000011
1989,0.046473028999999944,0.24046786599999992,0.26712697099999994,0.2027786170000001,0.2140060130000001,0.178077869,0.1132076099999999,0.07528345799999991,0.2027786170000001,0.03870550699999997,0.4331269710000001,0.37912697100000003,0.38802697099999994,0.1402162549999999,0.060530667999999954,0.09752697099999996,0.25640631699999994,0.5980998799999999,0.5980998799999999,0.5980998799999999,0.06408319399999995,0.21950406100000008,0.12772697099999997,0.504226971,-0.07787302900000004,0.3260269710000001,0.053444261999999965,-0.007073028999999953,0.09362697099999995,0.08992697099999991,0.012409206000000061,0.053559071000000014,0.1328536709999999,0.08692697100000002,0.06319090499999991,0.04222697100000006,0.11673105500000003,0.18957571299999998,0.319712942,0.21807836000000003,0.1810481799999999,0.365515311,0.29791802,0.20106986300000007,0.17560683900000007,0.08378307100000004,0.03589028399999994,0.365515311,0.24068615700000007,0.21641584800000002,0.1359396260000001,0.03143185400000004,0.03531084299999998,0.1966831979999999,0.285459331,0.26026733,0.2999918690000001,0.394850304,0.16258456900000007,0.27756760199999997,0.18451836,0.123367067,0.10267826800000002,0.04274384199999992,0.024818267999999977,0.32875778099999997,0.24457302000000003,0.16885266999999993,0.10943451300000007,0.11138384199999996,0.024818267999999977,0.28242883499999993,0.2277362999999999,0.196634545,0.160828631,0.106772023,0.31469752799999995,0.2679453730000001,0.23562115099999992,0.17663240200000008,0.13557989300000006,0.19593979700000008,0.17495481300000004,0.139432534,0.11489638999999996,0.09054239999999991,0.06876539199999998,0.19593979700000008,0.1740172470000001,0.136248755,0.10931508499999998,0.08435967,0.064313383,0.20036722100000004,0.17230895700000004,0.14484895099999995,0.11694090099999999,0.08883202099999998,0.06894168300000003,0.1260140380000001,0.14220089199999997,0.170158311,0.14065548700000008,0.176558019,0.08494516100000005,0.13520146999999993,0.14930651400000006,0.11970262999999992,0.09799248500000002,0.08441886999999992,0.1569324190000001
1990,0.06106264899999991,-0.12256424610000005,-0.0942626487,-0.14408001049999997,-0.17782911580000005,-0.22373729939999998,-0.25766943509999995,-0.28062352690000003,-0.14408001049999997,-0.2172565446,0.11473735100000004,0.07873735100000001,-0.07476264870000005,-0.2758900285,-0.29375322719999997,-0.2807626487,-0.2434876761,-0.17000314510000003,-0.17000314510000003,-0.17000314510000003,-0.2319149156,-0.3592663247,-0.21886264870000005,-0.016362648700000038,-0.09456264869999997,0.22013735099999998,-0.020656698300000054,-0.004062648699999949,0.008737350999999949,0.025437351000000108,-0.001182409200000012,0.010917250999999961,-0.0032611487000000494,0.03303735099999994,0.03499901799999994,0.018337351,-0.040002490899999965,-0.16391457470000004,-0.10515038359999995,-0.06606228430000005,-0.022127354200000005,-0.1420610512,-0.1345170015,-0.10735955409999998,-0.05554958629999995,-0.009199756400000036,-0.02135208980000003,-0.1420610512,-0.13242012209999998,-0.11648373430000003,-0.06256725289999998,-0.026480355200000028,-0.024090712599999953,-0.160905438,-0.15892306990000005,-0.18028841250000005,-0.12175007839999996,-0.10788795019999997,-0.0367125653,-0.12341068359999996,-0.09006228429999996,-0.05687333429999997,-0.04781482429999995,-0.055950157499999986,-0.06403482429999996,-0.1492456137,-0.06646258429999996,-0.08611220900000005,-0.04922130079999998,-0.0380901575,-0.06403482429999996,-0.1694350443,-0.16451243429999995,-0.1333326493,-0.08928643989999996,-0.04784480830000004,-0.16159044339999995,-0.15543443990000005,-0.12347119660000005,-0.08866140489999996,-0.055419749699999965,-0.21551946779999998,-0.19469610439999996,-0.15115485269999995,-0.10365060910000001,-0.0540669184,-6.758750000002145e-05,-0.21551946779999998,-0.19497198979999997,-0.15209430989999995,-0.10534579759999996,-0.05596964790000003,-0.001440127099999966,-0.18389455909999997,-0.14440615590000005,-0.10412162390000002,-0.06402524180000002,-0.02347953079999998,0.02479097100000005,-0.1526715731,-0.10926182910000004,-0.13733749829999997,-0.13345025779999997,-0.13963503330000004,-0.12419117540000002,-0.11583434110000002,-0.12325864070000003,-0.11680327889999997,-0.140974791,-0.05051267309999996,-0.02370002790000003
1991,0.03064274999999994,0.3142054919999999,0.2715572500000001,0.21262206700000008,0.3815328979999999,0.3456047550000001,0.4274410820000001,0.383528906,0.21262206700000008,0.322838199,0.44955725,0.48755725000000005,-0.02784275039999995,0.1628316059999999,0.09334566,0.06785725000000009,0.023755973999999958,0.563097905,0.563097905,0.563097905,0.28283655099999994,0.05040241600000006,0.23955725000000005,0.27405725000000003,-0.11854275039999995,-0.0989427504,0.12503131499999998,0.07635725000000004,0.15355724999999998,0.12185724999999992,0.126043876,0.09096945000000001,0.14365834999999993,0.11545724999999996,0.08506482400000004,0.026657249999999966,0.184293096,0.18202922300000002,0.30513484699999993,0.2168867160000001,0.1630372149999999,0.308849143,0.24068507800000005,0.17827876600000003,0.16571414299999998,0.13692217800000006,0.058940663000000004,0.308849143,0.25354559899999995,0.1989686530000001,0.1255856580000001,0.10836325600000007,0.067283078,0.28461823799999997,0.34455991099999994,0.39777634500000003,0.2987988939999999,0.45766310600000004,0.18081438900000002,0.2526946269999999,0.16880671599999997,0.19664661400000005,0.18255158100000002,0.11139461099999992,0.06899158099999991,0.3455241280000001,0.22998649599999998,0.23317647200000002,0.184927909,0.17693461100000007,0.06899158099999991,0.342925782,0.2944306940000001,0.25990774399999994,0.2193920760000001,0.18468220899999999,0.31724972799999995,0.27634022999999996,0.24877516200000005,0.19290228999999992,0.15472750899999999,0.2445988429999999,0.22550559600000009,0.19377078599999997,0.17315904000000004,0.14755034900000008,0.1132701949999999,0.2445988429999999,0.2239894549999999,0.18885008400000003,0.16493472799999997,0.13889274799999995,0.10736278599999993,0.2536559380000001,0.22430442700000008,0.19575528499999995,0.1666655480000001,0.13734248699999996,0.1096078949999999,0.219352204,0.22793224599999995,0.24009672799999993,0.2414413660000001,0.2532704619999999,0.2004552850000001,0.16259543500000007,0.1922199120000001,0.22682481099999996,0.22675289600000004,0.09149458499999996,0.15273216199999995
1992,0.029006526000000088,0.06723948000000002,0.045193473999999956,0.1064953689999999,0.13267012,0.185564332,0.15063419200000006,0.259416627,0.1064953689999999,0.11402160000000006,0.03719347399999995,-0.18680652649999996,0.03199347400000008,-0.11421905889999995,-0.14779961269999997,-0.14460652650000005,-0.23773423400000004,0.08132936499999999,0.08132936499999999,0.08132936499999999,0.05696143599999992,-0.008227341899999963,-0.05580652649999995,-0.05530652650000001,-0.0887065265,0.007493474000000111,0.03818706300000008,0.03339347399999992,0.057193473999999966,0.04239347400000004,0.04384776499999998,0.05954297399999997,0.04504047400000011,0.046593474000000024,0.03636273499999998,0.006293474000000021,0.05733195699999993,0.007951633000000013,0.02227868200000005,0.014491503999999988,-0.015942667999999993,0.006917199999999957,-0.010086388700000004,0.014661551999999967,0.028357237000000035,0.04021984100000009,0.021185988999999905,0.006917199999999957,0.08441019399999994,0.06375727900000006,0.027671089000000038,0.04827049900000002,0.029471218000000077,0.08237117099999991,0.06737086300000006,0.14189081999999997,0.026120088000000097,0.07657083599999992,0.040066398,-0.004470717999999985,-0.011728496299999946,0.05822622200000005,0.0567381039999999,0.05716580900000001,0.037918104000000064,0.050383454000000105,-0.0132978963,0.07293121700000005,0.05649067399999996,0.05612580900000008,0.037918104000000064,0.04643781999999996,0.045817894000000026,0.04669838199999998,0.050481033000000064,0.0497415779999999,0.031079437999999904,0.02730365400000001,0.03718696899999996,0.0432382790000001,0.05375050399999992,0.005274043000000006,0.006432095999999943,0.0124693010000001,0.02572542599999994,0.0339479949999999,0.03756764000000001,0.005274043000000006,0.007294369000000023,0.015198014999999954,0.030296987000000053,0.03861929799999997,0.04064234199999994,-0.005343935600000016,0.00314401700000011,0.012548261999999921,0.02155574299999996,0.03069499199999992,0.040500859,0.021097697000000082,0.06783380800000005,0.022462798999999922,0.03820592600000006,0.030985325999999924,0.028856651999999983,0.02952043999999998,0.017717838999999902,0.07311161,0.07646267700000009,0.007466725000000007,0.03908607499999994
1993,0.027484143999999988,0.07694876399999995,0.071415856,0.1534178719999999,0.11323441900000009,0.126208471,0.15951585600000007,0.20804479799999998,0.1534178719999999,0.16641172700000006,-0.09558414380000002,-0.08758414380000001,0.2377158559999999,0.3613105080000001,0.3003208319999999,0.366015856,0.3114617559999999,0.714766429,0.714766429,0.714766429,0.21513642200000005,0.534150721,0.40971585600000004,0.513215856,0.14641585599999996,-0.1572841438,0.16941091399999997,0.1088158560000001,0.09331585600000003,0.06931585600000001,0.12720647499999993,0.08804325599999996,0.14038615599999993,0.08681585600000008,0.03661585600000006,0.0011158559999999706,0.07296164499999991,0.18974282799999997,0.23944773400000008,0.11035761899999996,0.1068790959999999,0.31610716000000005,0.25927210300000003,0.2112260210000001,0.18132217000000006,0.07337418000000007,0.051534179999999985,0.31610716000000005,0.19088365400000007,0.20771482000000008,0.19127216999999996,0.10383687399999997,0.05576781200000003,0.26332255399999993,0.2733005850000001,0.2796581600000001,0.25254752699999994,0.266665972,0.12872354900000005,0.24065367400000004,0.12577761899999995,0.11373471599999996,0.08740164499999992,0.09940164499999993,0.07156164500000006,0.2366121969999999,0.07858355899999991,0.08872696199999996,0.09298065599999994,0.06642164499999992,0.07156164500000006,0.34943634600000006,0.27066239300000006,0.23080277400000004,0.17658138300000004,0.16259194900000007,0.33051382799999995,0.27592184099999995,0.22976296799999996,0.1720033219999999,0.1622292970000001,0.2754221939999999,0.2510306,0.20879882700000008,0.17178991300000002,0.1319566190000001,0.08138676699999992,0.2754221939999999,0.25134338,0.20987643999999994,0.17378506700000007,0.13420170199999992,0.08302383700000004,0.19069346099999995,0.16964865800000006,0.14714254700000007,0.12523702599999997,0.10303187700000005,0.06655444900000007,0.1419671,0.16448170800000006,0.15082603799999994,0.1772923150000001,0.211161033,0.16813866599999994,0.1794953079999999,0.19786293700000002,0.13973800400000003,0.20201176999999992,0.091216658,0.09144634800000007
1994,0.026748970999999955,-0.028448971200000006,-0.01494897120000005,-0.034048971200000056,-0.04970306300000005,-0.04970306300000005,-0.031848971199999965,-0.043715039099999964,-0.034048971200000056,0.002574786999999912,0.030051029000000007,0.10505102899999996,-0.04304897119999995,0.028828757999999954,0.05327900399999996,0.07915102899999993,0.12807816800000005,-0.10279800939999995,-0.10279800939999995,-0.10279800939999995,0.009138279999999943,0.03390506799999993,-0.08954897120000005,0.19395102899999994,-0.05084897119999998,0.018351028999999963,-0.2200489712,-0.07544897120000005,-0.0667489712,-0.05334897120000004,0.0031911490000000597,-0.0479655712,-0.09713127119999998,-0.07004897119999998,-0.0325489712,0.011351029000000068,-0.030082184800000022,-0.007041531399999967,-0.018300629299999982,-0.008410821599999951,-0.013560003299999956,0.02391123499999992,0.02910613900000003,-0.01785813160000005,-0.036365436400000006,-0.039000368399999985,-0.01047036840000004,0.02391123499999992,0.0007224009999999836,-0.017337452399999953,-0.04054543639999997,-0.04108755399999997,-0.0076615660000000085,-0.036199943700000015,-0.028701949899999968,-0.05976438439999998,-0.019674441399999965,-0.03498506670000001,-0.02847177099999998,-0.00904416929999996,-0.007910821600000006,-0.07633864479999997,-0.038662184800000055,-0.0426021848,-0.012102184800000026,-0.00881498759999999,0.017525637999999955,-0.04346706789999999,-0.06342218479999995,-0.02592218479999997,-0.012102184800000026,-0.04799838050000005,-0.039802975399999996,-0.048238805700000054,-0.06472795269999998,-0.06035031879999997,-0.038651431500000055,-0.031075637100000053,-0.03467544060000005,-0.03229298879999998,-0.03008531670000003,-0.006600312100000005,-0.014450249399999948,-0.028172985400000017,-0.04224476690000001,-0.04395265660000003,-0.03960750660000001,-0.006600312100000005,-0.013769045800000046,-0.026048740599999953,-0.038721491,-0.04053125359999998,-0.03741566019999998,-0.005537879599999962,-0.016229364700000026,-0.02718513850000004,-0.03807335680000001,-0.049068652899999954,-0.03758795319999997,-0.006516977500000021,-0.04133904450000003,-0.017200415599999963,-0.01925880229999999,-0.024015901299999975,-0.013860649800000013,-0.018748600600000054,-0.005959322000000045,-0.03065542929999998,-0.008350795000000022,-0.04126954620000001,-0.06033189120000004
1995,0.025384102000000075,0.33251589800000003,0.349115898,0.3440158980000001,0.3159332640000001,0.32092328400000003,0.262015898,0.23010492000000005,0.3440158980000001,0.12462587300000005,0.3421158980000001,0.559115898,0.22781589800000002,0.07164243999999997,0.08961240199999998,0.082815898,-0.002568519200000008,-0.02309166659999995,-0.02309166659999995,-0.02309166659999995,0.11138001400000008,0.1761421219999999,0.1848158980000001,0.05631589800000003,-0.01808410149999995,0.16901589800000005,0.23841589799999996,0.14581589799999994,0.19621589799999994,0.1564158980000001,-0.01939607759999995,0.11106319800000009,0.27554799799999996,0.17901589800000006,0.09571589799999991,0.029515898000000096,0.16125370300000008,0.20379332100000003,0.18258539899999993,0.21848691199999992,0.183465435,0.1507216010000001,0.15122235800000006,0.19852797600000005,0.19797567900000002,0.1421454390000001,0.0606354389999999,0.1507216010000001,0.22284780199999998,0.22073531999999996,0.167265679,0.09691240500000009,0.05261360299999995,0.11875211400000008,0.1690757650000001,0.1876982089999999,0.17171089799999995,0.2340008360000001,0.1914435969999999,0.12385897899999998,0.183586912,0.2136201230000001,0.171273703,0.11197370300000009,0.060113703000000074,0.19166045599999992,0.19690049199999993,0.24828527300000003,0.17765370300000005,0.14911370300000004,0.060113703000000074,0.131112927,0.18057715100000005,0.1935353339999999,0.2163695969999999,0.14301535199999993,0.159820984,0.1817661639999999,0.18290322999999997,0.1758894660000001,0.13060140799999997,0.18428316899999997,0.1848499939999999,0.18556686900000008,0.18190953799999998,0.15453855500000002,0.11818793900000002,0.18428316899999997,0.18207974800000004,0.17672300499999993,0.16705050199999993,0.139450109,0.1081336100000001,0.22816651500000007,0.21257387100000003,0.19829619499999995,0.18331007200000005,0.1682326220000001,0.10879910200000009,0.19911502399999992,0.206034571,0.21805506600000002,0.175390009,0.17685759300000004,0.1310408059999999,0.1471648699999999,0.12738388900000008,0.20071845200000005,0.12226415899999998,0.15487392300000002,0.2481462379999999
1996,0.03322475600000008,0.17637524399999993,0.19557524400000004,0.18537524400000005,0.1543999949999999,0.1789508930000001,0.14797524399999995,0.17835209100000005,0.18537524400000005,0.316266567,0.21157524400000005,0.18757524400000003,0.306775244,0.042553531999999894,0.02981850499999994,0.050775244,0.006926683999999961,0.12507524400000003,0.12507524400000003,0.12507524400000003,0.24783830799999995,0.38827524699999993,0.078975244,0.054475244000000034,-0.0811247557,0.2959752440000001,0.3558752439999999,0.08557524399999994,-0.0011247557000000352,0.0025752439999999766,0.005697400000000075,0.008740044000000058,-0.045766255700000036,-0.014024755699999947,0.010675243999999973,0.01767524400000009,0.06441061400000003,0.05648800200000004,0.09535236200000008,0.07085236199999989,0.05217723200000002,0.14878066200000006,0.12816066199999998,0.12023721799999998,0.10216450900000007,0.05127502500000003,0.029515025000000028,0.14878066200000006,0.18061574400000002,0.1324697589999999,0.0828845090000001,0.030627359999999992,0.02115514399999996,0.13982609899999998,0.125875827,0.13868435599999995,0.10058692800000002,0.16688172099999998,0.06042551400000007,0.08828066200000007,0.054112361999999914,0.12378231400000006,0.07939061400000003,0.024230613999999928,0.030050614000000087,0.14029579200000009,0.10558066199999994,0.08851720399999996,0.13507061399999998,0.06603061399999999,0.030050614000000087,0.15931694800000007,0.16645681700000003,0.146180816,0.12937963899999994,0.09489926399999993,0.13115870800000007,0.12726686499999995,0.11494745699999998,0.09686964799999997,0.07625537799999993,0.112633011,0.10882378199999998,0.10128843399999998,0.09232356899999994,0.06802120199999995,0.03482627700000007,0.112633011,0.10828438100000004,0.0997392800000001,0.08990418900000008,0.06598001800000008,0.03376447799999993,0.12284655900000008,0.10354463100000011,0.08482881200000003,0.065754549,0.0464665070000001,0.005878567999999973,0.09601105999999993,0.08966682100000001,0.1206893389999999,0.1208820960000001,0.0830855450000001,0.12529359800000006,0.1555022909999999,0.07759997699999999,0.10763988999999996,0.08767863399999998,0.016789868999999902,0.04861614399999992
1997,0.01702395999999995,0.2928760399999999,0.3148760399999999,0.2806760399999999,0.27040119000000007,0.3510399129999999,0.22887604000000006,0.298345302,0.2806760399999999,0.16759602799999995,0.34987604000000005,0.3938760400000001,0.13187604000000008,-0.026902227500000042,0.0030579669999999393,-0.006323959599999984,-0.16148943729999998,-0.18522395960000004,-0.18522395960000004,-0.18522395960000004,0.11897146399999992,0.08621876700000008,-0.13822247580000002,-0.06832395960000004,-0.23342395959999995,-0.16412395960000004,0.10917603999999992,0.08987604000000005,0.08457603999999996,0.07737604000000009,0.06082035199999991,0.05379113999999996,0.12201803999999994,0.07257603999999995,0.0468760399999999,0.03417603999999996,0.10780989299999999,0.11832395900000003,0.09524411899999996,0.14776411900000008,0.09553134499999993,0.07262999199999998,0.06780999199999993,0.10281494000000002,0.09933510000000001,0.09565685899999998,0.047336859000000064,0.07262999199999998,0.1914869400000001,0.15106841400000004,0.06598510000000002,0.0614818290000001,0.04081739799999995,0.0464356749999999,0.10139585000000007,0.14112841599999992,0.0861301189999999,0.16849839599999994,0.10695362300000011,0.02415571899999991,0.08560411900000009,0.12919829299999996,0.11640989299999993,0.047209893,0.03348989300000005,0.14104849400000008,0.13117571900000002,0.18810998899999998,0.11416989299999991,0.101709893,0.03348989300000005,0.046850150000000035,0.10878216800000007,0.11445571599999993,0.12745421300000004,0.08947120400000008,0.06804257600000008,0.099405615,0.10780820800000002,0.11757759199999995,0.09818849000000007,0.11461991000000005,0.11480123200000003,0.11438521199999996,0.11293893299999991,0.09776289500000002,0.07111913099999989,0.11461991000000005,0.113310947,0.10966410999999998,0.10508781099999998,0.08978964999999994,0.06586759099999995,0.16496473299999992,0.14745315999999997,0.13152797800000005,0.11476023899999999,0.0978812790000001,0.06421768699999997,0.14842152200000003,0.14173215900000002,0.1630068549999999,0.14000527399999996,0.11944578700000008,0.1168532470000001,0.11949078600000007,0.07090238700000007,0.15729713899999997,0.13270415400000002,0.05391154000000009,0.11774034000000011
1998,0.01611903300000006,0.21648096700000008,0.27008096699999995,0.13028096700000003,0.08268336200000004,-0.002945380200000014,-0.04221903289999995,-0.08298530029999995,0.13028096700000003,-0.17931903289999995,0.213080967,0.39808096700000006,-0.22141903289999998,0.13988096700000008,0.185799241,0.15598096700000008,0.24368096699999997,-0.19731903289999997,-0.19731903289999997,-0.19731903289999997,-0.09951903289999997,0.10447870699999995,0.02591241099999997,-0.1224190329,-0.026819032899999984,-0.3783190329,-0.16361903290000002,0.10258096699999997,0.0688809669999999,0.06968096700000004,0.009829070999999967,0.04147796700000006,0.11439306699999996,0.08998096700000002,0.05748096700000005,0.033880966999999984,0.046087714,0.11117658499999994,0.07417811800000007,0.12757811799999996,0.14868338699999994,0.049505472000000106,0.0665554719999999,0.047127892000000005,0.03699052600000008,0.06526314299999991,0.028593142999999932,0.049505472000000106,-0.0011877819000000178,0.008681265000000105,0.020210526000000062,0.036933960999999904,0.017299151000000013,-0.07812204680000001,0.0003844399999999304,-0.03125464160000002,0.0545581180000001,0.016956745999999967,0.06629165200000009,0.04593569800000008,0.10827811800000009,0.010810133999999971,0.05510771400000003,0.014967713999999965,-0.001632286400000016,0.05071042799999992,0.128015698,0.05895284799999989,-0.000572286399999955,0.043647714000000004,-0.001632286400000016,-0.019608032900000016,0.029094967000000027,0.03964896699999998,0.0510619670000001,0.011323992999999977,0.04880981699999998,0.07820969699999991,0.07820927700000002,0.07564080299999998,0.03546394300000011,0.10858592500000008,0.105700334,0.0993411019999999,0.08613742699999993,0.07214131599999996,0.06033132100000005,0.10858592500000008,0.103824272,0.09343248599999998,0.07628441400000008,0.06225413099999999,0.053879033000000076,0.18584096700000008,0.16449996700000002,0.1435090670000001,0.1222510670000001,0.10077606699999997,0.056433183,0.11778553599999997,0.070831168,0.13707296699999993,0.06571773900000011,0.0891682869999999,0.05789058800000002,0.011443199999999987,0.06252483899999994,0.05144433999999998,0.017922269000000046,0.08448399200000001,0.09381330700000001
1999,0.02684563799999995,0.21125436200000003,0.18385436199999994,0.09885436199999997,0.12405256600000003,-0.006885557699999989,0.2044543619999999,0.004591487999999977,0.09885436199999997,-0.06724563760000002,-0.04314563760000001,-0.12014563759999997,0.18295436200000004,0.27235436199999996,0.24500969300000008,0.209454362,0.8760543620000001,0.588854362,0.588854362,0.588854362,0.017654362000000035,0.603328111,0.16553852599999996,0.580854362,-0.020845637600000022,0.3718543620000001,0.2288543620000001,-0.007245637599999966,-0.05364563759999996,-0.03444563759999997,0.05000066999999997,-0.03187443759999997,-0.11343053759999999,-0.062045637600000036,-0.008345637599999955,0.018654361999999924,-0.02043821239999999,0.24369172299999997,0.26028939800000006,0.13562939800000007,0.135557382,0.401393753,0.34042375300000005,0.1984467729999999,0.10464076500000008,-0.012094998899999987,0.012695000999999984,0.401393753,0.12554117799999998,0.1067104860000001,0.11073076500000001,-0.00163266350000002,0.011122706000000093,0.1830016080000001,0.22137995100000007,0.1971479249999999,0.25908439799999994,0.18112039000000002,0.013179776999999948,0.2788063780000001,0.1383493979999999,0.01120480800000001,-0.02021821239999999,-0.013478212400000023,0.007941787999999894,0.281598394,0.152406378,-0.03823858560000004,0.03222178799999997,-0.015218212399999986,0.007941787999999894,0.27676336200000007,0.21623136200000004,0.16992436199999994,0.1199323619999999,0.0830799390000001,0.3112329220000001,0.26047376999999994,0.210426738,0.135782061,0.0889398589999999,0.23273138299999996,0.20518376900000002,0.15382251700000005,0.1059637819999999,0.06205980700000002,0.01767612499999993,0.23273138299999996,0.2052346140000001,0.15403916299999998,0.10641976299999989,0.06256071099999994,0.01810168000000001,0.23569436200000005,0.18372736199999995,0.1314276619999999,0.079031662,0.026083161999999938,-0.012643691499999998,0.15624319500000006,0.07801860800000004,0.154498362,0.10660687300000005,0.1723537049999999,0.0918236240000001,0.10677079599999995,0.19094629500000004,0.05590807500000006,0.11287945399999999,0.02390813700000005,0.03502290199999991
2000,0.03386809299999993,-0.13956809270000003,-0.12446809270000003,0.026931907000000033,0.1471319069999999,0.18838739599999998,-0.060568092699999965,0.18493190699999995,0.026931907000000033,0.2296319069999999,0.022531907000000073,0.3485319069999999,0.3304319069999999,-0.18996809270000004,-0.17753878909999998,-0.06916809270000002,-0.060668092699999954,-0.3094680927,-0.3094680927,-0.3094680927,0.12473190699999992,-0.2596675681,-0.15259406870000003,-0.04016809269999999,-0.09066809269999998,0.452431907,0.11873190699999991,0.05563190699999998,0.06823190699999993,0.08003190699999996,0.01204009100000003,0.05854550700000005,0.1633540069999999,0.10643190699999994,0.05443190699999989,0.024131906999999897,0.05025190700000004,0.10117962299999994,0.0008274249999999927,0.07872742500000007,0.05217632699999997,-0.06182694239999997,-0.03994694239999996,0.03935747799999989,0.042591929000000084,0.051248275000000065,0.031018275000000095,-0.06182694239999997,0.073163058,0.08508747799999994,0.04322192899999999,0.04985354400000008,0.033112725999999926,0.043766906999999966,0.0020157800000000226,0.03316190699999999,0.011182425000000107,0.005131328000000046,0.046955179000000014,-0.04997699489999996,0.044587425000000014,0.07977632700000004,0.05049190700000006,0.05663190700000009,0.033331906999999994,0.005834102999999979,0.016423005000000046,0.09439852299999996,0.0579919069999999,0.04513190700000003,0.033331906999999994,-0.11060709270000002,-0.07178409269999997,-0.04228709269999997,-0.006723092700000044,0.022995952999999902,-0.15649741269999995,-0.12593086870000003,-0.09286596469999997,-0.035853841700000055,0.01453371300000006,-0.11197368340000002,-0.09181731839999996,-0.05086119730000005,-0.011877026700000015,0.01706510799999994,0.04220519399999989,-0.11197368340000002,-0.09257938399999999,-0.05333865810000005,-0.01615761530000004,0.01258301999999989,0.039138059999999975,-0.1597280927,-0.11361089270000002,-0.06721729269999999,-0.020729292700000013,0.026248306999999915,0.06087313500000002,-0.07703576680000002,0.01804983800000004,-0.07820809269999995,-0.011739154599999968,-0.06189379439999998,-0.006446456000000045,0.04965887399999991,-0.002507437999999973,0.03866190700000005,0.007351180999999984,-0.010687567700000011,0.06656824699999997
2001,0.01551724099999996,-0.1252172414,-0.13571724139999997,-0.1343172414,-0.020517241399999997,0.07021130199999992,0.015482758999999957,0.12148275900000005,-0.1343172414,0.10798275899999998,-0.0487172414,-0.13771724139999997,-0.04101724139999996,-0.2170172414,-0.23561914969999997,-0.2040172414,-0.24071724139999995,-0.04431724140000004,-0.04431724140000004,-0.04431724140000004,0.02673275899999994,-0.2458176017,0.0034356250000000532,0.271182759,-0.010517241399999988,-0.3399172414,-0.027517241400000003,0.04568275899999996,0.07898275900000007,0.06878275900000008,0.058434853999999925,0.035025359000000034,0.027563258999999896,0.05998275899999994,0.06248275900000011,0.024382759000000087,0.038702758999999975,-0.04208024509999997,-0.04719543280000005,-0.024575432799999963,-0.02948114140000002,-0.050171568799999955,-0.046791568800000016,-0.010655468800000012,0.02015167700000009,0.042330822000000046,0.03101082200000005,-0.050171568799999955,0.02597843099999997,0.024214530999999928,0.03064167699999998,0.0581731780000001,0.038447968000000055,0.003647758999999917,-0.012185105699999976,0.017332759000000086,-0.03936043280000001,-0.01667725139999998,0.015991386000000052,-0.05481153279999995,-0.04043543279999995,0.0124588590000001,0.035342758999999946,0.06094275900000001,0.036822759000000094,-0.038665824199999976,-0.055691532800000054,0.021750275999999902,0.01944275899999992,0.03744275899999994,0.036822759000000094,-0.06471024140000003,-0.07921924140000003,-0.059296241400000005,-0.03498624139999995,0.016503783000000105,-0.11099411140000004,-0.11487440739999999,-0.08897744340000002,-0.0599512056,-0.019235307400000012,-0.13722651409999997,-0.12135647279999995,-0.08522114550000004,-0.04275890760000001,-0.0006173195999999992,0.04085569899999997,-0.13722651409999997,-0.12303747239999996,-0.0906221183,-0.05180452940000002,-0.010015052600000018,0.03453174899999989,-0.1619372414,-0.11764864139999998,-0.07287794140000003,-0.02811994139999996,0.01711785900000007,0.065025573,-0.07334271849999996,-0.015677432199999952,-0.0897932414,-0.040627638300000046,-0.06320675870000003,-0.026026822199999966,-0.028324241400000005,-0.03238307370000004,0.0033027590000000995,-0.004833403100000022,-0.02094711640000002,-0.04382504139999999
2002,0.023769099999999987,-0.2333691002,-0.24526910020000003,-0.23286910019999996,-0.1698691002,-0.12247169499999999,-0.22396910020000005,-0.16576910020000002,-0.23286910019999996,0.013730900000000101,-0.09026910020000001,-0.2162691002,-0.029969100199999987,-0.17456910020000005,-0.1799691002,-0.1861691002,-0.16256910020000004,-0.09806910020000004,-0.04476910020000002,-0.09806910020000004,-0.033344100200000004,-0.318559171,-0.0353807558,-0.11106910020000005,0.22883089999999995,0.28713089999999997,0.11463090000000009,0.042830900000000005,0.0881308999999999,0.05883090000000002,0.14233089999999993,0.055355800000000066,0.1429697000000001,0.11773089999999997,0.05643090000000006,-0.008669100200000002,0.017610899999999985,-0.055670446199999946,-0.06608185909999997,-0.03470185910000001,-0.0016413401999999522,-0.1376386262,-0.1049486262,-0.029800866199999998,0.010469392999999938,0.04746063999999994,0.023950640000000023,-0.1376386262,-0.0987786262,-0.04458086620000001,0.024899393000000103,0.06639090000000003,0.021220900000000098,-0.03672160020000004,-0.09321474890000003,-0.1282641002,-0.06088185909999999,-0.12002000840000004,0.025026076000000064,-0.048909619100000024,-0.0007018590999999796,0.04607866000000005,0.01489089999999993,0.04695089999999991,0.007410899999999998,-0.11917013809999999,-0.04734961910000002,0.007317621999999968,0.028770900000000044,0.01713089999999995,0.007410899999999998,-0.10780610020000003,-0.12510110019999998,-0.09154410020000003,-0.049181100199999994,0.04388590000000003,-0.1579178552,-0.15870285920000005,-0.12782437319999995,-0.08235538519999996,-0.014372385199999949,-0.18332981719999997,-0.1602646351,-0.11169640660000002,-0.06053918319999996,-0.006617254699999964,0.042080681999999925,-0.18332981719999997,-0.16059859050000003,-0.11279162379999996,-0.06224583689999996,-0.008499209200000024,0.04077946199999993,-0.20984910020000003,-0.15718890019999998,-0.10480670020000005,-0.0520307002,0.0012708999999999637,0.07051589999999996,-0.1481941002,-0.06118910020000001,-0.14104910020000005,-0.056368280199999954,-0.09359022019999996,-0.04180910019999995,-0.03971090020000001,-0.06836110019999997,-0.07933910020000001,-0.06010410020000001,0.03244059999999993,0.043533920000000004
2003,0.018794914000000107,0.294705086,0.26620508600000004,0.3037050859999999,0.32260508600000004,0.357552391,0.43750508600000004,0.353105086,0.3037050859999999,0.33770508599999993,0.13820508599999992,0.13020508599999991,0.31920508599999997,0.3846050860000001,0.36790508599999994,0.42840508599999993,0.554905086,0.5577050859999999,0.578805086,0.5577050859999999,0.3494300859999999,0.6549864240000001,0.5338803729999999,0.13590508599999995,0.17710508600000008,0.17940508600000005,0.20540508600000007,0.0037050860000000796,0.0701050860000001,0.02090508599999996,0.061205085999999964,0.02580028599999995,0.007972386000000053,0.004905085999999947,0.005005085999999936,-0.010594914300000036,0.13886508600000003,0.31583125199999995,0.323268007,0.2159080069999999,0.1451385460000001,0.400762681,0.362702681,0.259756141,0.1726914100000001,0.079329816,0.05359981599999997,0.400762681,0.2984926809999999,0.2509561410000001,0.1577814099999999,0.07118508600000006,0.05487508600000002,0.3396525859999999,0.3753119119999999,0.35724508600000004,0.3332430070000001,0.36080164300000006,0.1362150179999999,0.357094547,0.24714800700000006,0.1763585459999999,0.1386050860000001,0.11222508600000003,0.09968508600000003,0.393184008,0.2731945469999999,0.20767746799999998,0.17576508599999996,0.13568508600000007,0.09968508600000003,0.38405208600000007,0.3477080859999999,0.29691108599999994,0.23266608600000005,0.16546308599999993,0.3763528460000001,0.3414546540000001,0.28672498199999996,0.21533640600000004,0.162923406,0.36829708699999997,0.3328721459999999,0.265823425,0.20056219899999994,0.131569579,0.05515251700000001,0.36829708699999997,0.332784486,0.26551100000000005,0.20016382199999994,0.1311012629999999,0.05479037599999992,0.330665086,0.2682245860000001,0.20535178600000004,0.1423677860000001,0.07874628600000011,0.021385085999999998,0.26915508600000004,0.21528508599999996,0.264961086,0.24940018099999994,0.2735118160000001,0.21638508600000006,0.23328498599999992,0.26040308599999995,0.216645086,0.2578800859999999,0.11729691099999995,0.11907450600000002
2004,0.03255561600000001,0.09264438399999997,0.07484438399999993,0.12034438400000003,0.170944384,0.23660606100000003,0.16644438400000006,0.20294438400000003,0.14681190099999997,0.2750443840000001,0.04984438400000002,-0.014155615800000021,0.33394438400000004,0.1758443839999999,0.1699443839999999,0.20584438399999994,0.2851443840000001,0.2286443840000001,0.2083443840000001,0.2286443840000001,0.25024438399999993,0.3206118280000001,0.26149917600000006,0.4036527649999999,0.01134438400000004,0.13144438399999991,0.0811443839999999,0.018244383999999947,0.02654438399999992,0.009844383999999984,0.050144383999999986,-0.00026341579999999976,0.03864178399999996,0.0014443840000000208,-0.022255615800000017,-0.022555615799999984,0.050344383999999964,0.1927490409999999,0.16777619899999996,0.12401619899999994,0.08034386400000004,0.23247430199999997,0.21074430199999994,0.1702237820000001,0.120017614,0.03596055199999992,0.018100551999999936,0.23247430199999997,0.20483430200000008,0.18728378199999995,0.1095976139999999,0.032624384000000006,0.013894384000000093,0.1788893840000001,0.18067980300000008,0.17404938399999992,0.179036199,0.16979097100000007,0.0777859649999999,0.1623167190000001,0.1243161989999999,0.07678386400000003,0.05844438399999996,0.03592438400000009,0.029324383999999926,0.20736905500000002,0.1265567190000001,0.1146085349999999,0.0646043839999999,0.043924384000000094,0.029324383999999926,0.17779276,0.163062512,0.136986512,0.10119783699999996,0.0800627599999999,0.15915637000000005,0.14567075899999993,0.11977464100000002,0.09453205600000003,0.08547778199999989,0.16173374399999996,0.14617719100000004,0.11794201299999996,0.09041385800000001,0.057937079,0.015119016000000096,0.16173374399999996,0.14535527000000004,0.11534177099999998,0.08617281899999996,0.053608477999999904,0.012276387,0.12592438399999994,0.10354478399999989,0.08074078400000007,0.058028784,0.03506798400000011,0.004654383999999956,0.0972443839999999,0.09730438400000008,0.11064438399999998,0.1330439940000001,0.1191641240000001,0.12238438400000007,0.15744988400000004,0.1245243840000001,0.10548438399999993,0.12609438399999995,0.03001873399999999,0.05417584399999997
2005,0.03415659500000001,0.025643405000000064,0.013543405000000064,0.03674340499999995,0.10514340499999997,0.09209091000000003,0.0394434050000001,0.026543404999999964,-0.005997866500000004,0.084743405,0.004843404999999912,0.04785140099999996,0.35634340500000006,0.12154340499999994,0.10184340500000011,0.09924340499999995,0.17074340500000007,0.286343405,0.2510434050000001,0.286343405,0.09394340500000009,0.06918338599999996,0.1323806890000001,0.22454838200000005,0.14054340500000007,0.21204340499999996,0.08044340500000002,0.01824340499999999,-0.022056594900000004,-0.010156594899999982,-0.00825659489999997,-0.011766494900000035,0.0319329049999999,-0.010956594900000005,-0.016456594899999955,-0.006456594899999946,0.029063405000000042,0.09921230699999994,0.11719080599999998,0.05789080600000007,0.04312130500000011,0.14017740199999995,0.1255974019999999,0.09383530200000001,0.0655205510000001,0.021248155999999963,0.0203881560000001,0.14017740199999995,0.10375740200000005,0.10700530199999991,0.062760551,0.013383404999999904,0.010993405000000012,0.12313840499999995,0.13259568099999997,0.11863340499999997,0.12118580599999995,0.1392810310000001,0.04502104799999995,0.13891290600000006,0.0880308059999999,0.05686130499999997,0.03600340499999999,0.02480340499999989,0.029543405000000078,0.1292224070000001,0.08261290600000004,0.0723003069999999,0.047183404999999956,0.027803405000000003,0.029543405000000078,0.13195134200000003,0.09320521399999993,0.06934721399999999,0.039829627000000034,0.027348342000000025,0.13281984699999994,0.10590579999999994,0.08447665199999999,0.05497663800000008,0.04030774899999989,0.09759925600000008,0.085546275,0.06479625299999991,0.04544922500000004,0.023768703000000002,-0.00041126229999999264,0.09759925600000008,0.08527784099999991,0.06399865000000005,0.044150284000000095,0.022568581999999893,-0.001110102700000004,0.06400340500000001,0.051198904999999906,0.037886504999999904,0.024758505000000097,0.01146300499999997,-0.012076594900000015,0.03459340500000008,0.03650340499999993,0.046227405,0.057786829999999956,0.06762735499999994,0.048383405000000046,0.09943160499999992,0.05831140499999998,0.028193404999999894,0.03567340500000005,0.047915780000000074,0.04526670499999996
2006,0.025406503999999996,0.12969349600000002,0.1309934960000001,0.19609349600000003,0.1105934959999999,0.150441799,0.1309934960000001,0.1669934959999999,0.16899597200000005,0.325293496,0.13229349599999995,0.040031235999999915,0.16339349600000008,0.24099349599999997,0.23729349599999994,0.2741934960000001,0.2779934959999999,0.26849349600000005,0.29159349599999995,0.26849349600000005,0.30421849600000006,0.4118959310000001,0.283524401,0.17196147099999992,0.19789349600000006,-0.1826065041,0.075493496,0.004793496000000008,0.017193495999999975,0.017293495999999964,-0.021106504100000034,0.018877996000000064,-0.007973404100000026,0.005993496000000098,0.01229349600000007,0.0200934960000001,0.10535349599999999,0.1437337809999999,0.16424977699999999,0.11400977699999992,0.0848801159999999,0.2242301980000001,0.21717019800000004,0.15524681799999995,0.11586198699999994,0.05282832599999998,0.045258325999999904,0.2242301980000001,0.18446019800000002,0.15293681799999992,0.10336198699999999,0.03914349600000011,0.04816349599999992,0.187395996,0.19260245899999995,0.15433849600000005,0.17389977699999992,0.17478262,0.10381719100000009,0.20542315700000002,0.15012977700000008,0.11294011600000009,0.10385349599999993,0.08135349599999997,0.0850334960000001,0.1959328170000001,0.1781831570000001,0.124619437,0.11699349600000009,0.1043534960000001,0.0850334960000001,0.21768162000000002,0.20079486699999993,0.16585786699999994,0.11801284300000003,0.06928062000000001,0.19115284499999996,0.176638324,0.14660208000000008,0.10871026899999991,0.07396744200000005,0.20778364299999996,0.18734640800000002,0.14916757599999997,0.10933804200000008,0.0682223099999999,0.029062834000000093,0.20778364299999996,0.18757057099999996,0.14985611,0.11042249299999995,0.06930783800000007,0.02973959599999998,0.1742134959999999,0.14252579599999993,0.11029409600000006,0.07816009599999996,0.0456899959999999,0.009783496000000058,0.127893496,0.11812849599999997,0.14957349599999992,0.1486234609999999,0.1214968059999999,0.13593349600000004,0.14038679600000004,0.14064749599999993,0.12605349599999993,0.10943449599999999,0.0849267709999999,0.037764235999999896
2007,0.04081268599999999,0.014087313999999962,0.013087314000000072,-0.03991268579999996,0.019387314000000044,-0.08642146829999997,-0.029212685800000027,-0.11151268579999996,0.014487313999999918,-0.20541268580000005,0.08788731400000005,0.03792921700000007,0.3069873139999999,0.11438731400000002,0.07068731399999995,0.01758731400000002,0.010687313999999892,0.348187314,0.3752873139999999,0.348187314,-0.12546268579999997,-0.053873838599999946,0.241656337,0.11429147900000003,0.2686873139999999,0.263787314,0.01968731400000001,8.731399999994949e-05,0.0021873139999999403,0.02838731399999994,0.0750873139999999,-0.006544185800000046,0.051626613999999904,0.0589873139999999,0.03808731399999998,0.005687313999999999,0.06230731399999989,-0.013932233200000033,0.08239341800000011,0.01843341800000009,0.035735174000000036,0.078109859,0.0701598590000001,0.03777771899999993,0.05102859699999995,0.04783643600000009,0.029156436000000063,0.078109859,0.04159985899999996,0.05428771899999996,0.047018597000000106,0.04404731399999995,0.029477313999999977,0.05961731400000003,0.08733721399999994,0.07073231400000002,0.06772841799999996,0.11173947800000006,0.06134799000000002,0.12580555799999993,0.06649341800000008,0.06327517399999993,0.05470731400000006,0.05234731399999992,0.034847314000000074,0.05478380099999991,0.07374555799999993,0.04707166099999993,0.06056731400000004,0.06424731399999994,0.034847314000000074,0.10029731400000008,0.0568173139999999,0.044329314000000064,0.029807313999999918,0.036721314000000005,0.14333473899999993,0.11112147899999991,0.08783606899999996,0.06021428899999992,0.06439928900000003,0.060173400999999904,0.050746857000000034,0.036573454000000005,0.02781783300000007,0.028879730000000103,0.03385615300000011,0.060173400999999904,0.04946005600000003,0.03241613599999993,0.02080629299999992,0.02142883699999998,0.028799679000000022,0.054207313999999895,0.04763191400000011,0.04058331400000004,0.03372131399999989,0.02678761400000007,0.038787313999999906,0.023162313999999906,0.023312314,0.023459313999999898,0.010163208999999895,0.06717624400000011,-0.0003526858000000299,0.05055101400000006,0.02396931399999991,-0.014502685800000026,0.019737313999999895,0.08502213900000011,0.07366053400000006
2008,0.0009141290000000968,-0.37131412900000005,-0.37111412899999996,-0.360614129,-0.419114129,-0.36731412900000004,-0.361614129,-0.321414129,-0.26651412900000004,-0.37141412900000004,-0.17091412900000003,-0.23435405659999997,-0.393814129,-0.44191412900000004,-0.41361412900000005,-0.440114129,-0.46711412900000004,-0.529014129,-0.589714129,-0.529014129,-0.5219154096,-0.4699312108,-0.48091334269999997,-0.3769969865,0.053585870999999896,-0.475614129,-0.022184015300000026,0.054785870999999986,-0.07081412899999995,0.04958587099999989,-0.029414128999999956,-0.0023045289999999996,0.22424117100000007,0.1322858710000001,0.0658858710000001,0.018785870999999954,-0.064654129,-0.22178353900000003,-0.26202306900000005,-0.146303069,-0.06188306899999996,-0.3915641229,-0.3333041229,-0.1739700516,-0.08061005160000001,-0.017354128999999996,-0.01756412900000004,-0.3915641229,-0.29064412289999997,-0.19656306290000003,-0.055300051599999955,0.001385871000000094,-0.013494129000000021,-0.3381492571,-0.34245612540000003,-0.373664129,-0.272048069,-0.37291912000000005,-0.04503338099999998,-0.29615412900000004,-0.14550306899999998,-0.04733704630000002,-0.066874129,-0.017294129000000047,-0.04229412899999996,-0.38033412899999997,-0.22453412900000003,-0.125543069,-0.07900810629999999,-0.061394128999999964,-0.04229412899999996,-0.39520362330000003,-0.35985932220000005,-0.3007997199,-0.22260721419999996,-0.13796591309999995,-0.408436649,-0.375126265,-0.31535892099999996,-0.23254676900000004,-0.15395576899999996,-0.4039125431,-0.3605212472,-0.2732732642,-0.18826521249999995,-0.10052911369999995,-0.0018701062999999518,-0.4039125431,-0.36205612880000004,-0.27815601300000004,-0.19676995730000002,-0.10934918169999996,-0.007736624700000028,-0.399554129,-0.310046829,-0.22019172899999995,-0.13005172899999995,-0.03899932900000003,0.04344087100000005,-0.270114129,-0.17544912899999998,-0.304086129,-0.24494583400000003,-0.273458599,-0.23185412900000002,-0.258529429,-0.23241612899999997,-0.202974129,-0.239455129,-0.018675303999999948,-0.03350700900000003
2009,0.027213310999999907,0.259786689,0.237686689,0.16858668900000007,0.374986689,0.34888668899999997,0.33398668900000006,0.276186689,0.1642866890000001,0.26858668899999993,0.14228668900000008,0.19099825699999995,0.22238668899999992,0.34008668900000005,0.25548668900000004,0.31088668899999994,0.44398668899999993,0.7325866889999999,0.920718581,0.5155828060000001,0.38935980300000006,0.5269480390000001,0.6543602159999999,0.48907137199999995,0.20728668900000002,0.12418668900000007,0.12652076999999995,0.015286689000000075,0.18578668899999995,0.032086689,0.08078668899999997,0.07494888900000007,-0.1476981113,-0.04411331129999996,-0.012813311299999963,-0.02191331129999996,0.1290066889999999,0.23034324899999992,0.3040097289999999,0.163909729,0.09718972899999989,0.435151292,0.38262129200000006,0.23384774000000008,0.1609777400000001,0.08483668900000008,0.052076688999999954,0.435151292,0.29804129199999996,0.22665433200000007,0.14097774000000007,0.07141668900000009,0.04648668899999997,0.357394,0.37900187900000004,0.4009066889999999,0.31032472899999997,0.4272906350000001,0.11603523000000004,0.3750066889999999,0.19894972899999996,0.12091654500000004,0.13462668900000008,0.09798668900000007,0.08354668900000006,0.403326689,0.25694668900000006,0.17992972899999993,0.1478935050000001,0.12002668899999991,0.08354668900000006,0.4070783929999999,0.33071873399999996,0.291292415,0.24003011900000004,0.19379945999999992,0.39394979900000004,0.33706228699999996,0.28951699500000005,0.21247345899999992,0.16105545899999996,0.3105037749999999,0.2791644339999999,0.2231653199999999,0.17545293099999992,0.11973359099999992,0.047984207000000056,0.3105037749999999,0.27997309299999995,0.225712519,0.18008628300000007,0.12459394000000001,0.05118549799999994,0.29190668899999994,0.23940328899999996,0.18651518900000008,0.13354318900000006,0.0800354889999999,0.023676688999999973,0.203586689,0.15810668900000002,0.2342226890000001,0.1965689690000001,0.2505332090000001,0.19290668899999996,0.19765318899999995,0.224736689,0.17534668899999994,0.21216768899999994,0.07436548900000006,0.037100268999999964
2010,0.014957235000000013,0.15594276500000004,0.134142765,0.12784276500000002,0.23964276499999992,0.20134276499999992,0.2622427650000001,0.23324276499999996,0.13074276499999993,0.2680427649999999,0.12934276500000008,0.041030214000000065,0.19684276499999998,0.09624276499999995,0.0686427650000001,0.016842765000000037,0.23474276500000002,0.1736427650000001,0.22044807900000007,0.323978758,0.13190265499999998,0.3441260669999999,0.13831139599999998,0.354960339,0.2643427650000001,0.06334276500000002,0.09342451499999993,0.016142764999999892,0.09154276500000003,0.04924276500000002,0.046742765000000075,0.0063854649999999236,0.07434436499999997,0.05854276500000011,0.011442764999999966,-0.014857235300000049,0.13752276499999994,0.1739312449999999,0.16268308500000006,0.13780308500000005,0.10076308500000009,0.21772285200000008,0.226792852,0.197231347,0.163471347,0.07954276500000002,0.04394276499999994,0.21772285200000008,0.2288128519999999,0.20742317199999993,0.1479013469999999,0.07447276500000011,0.05044276499999989,0.19159875399999993,0.20866073699999999,0.19872276500000008,0.16961808499999997,0.1590086959999999,0.14366174900000006,0.20068276500000004,0.1808230850000001,0.15893943499999996,0.1384627650000001,0.113942765,0.09060276500000009,0.1880827650000001,0.19182276499999995,0.1741430850000001,0.1463591150000001,0.12996276499999992,0.09060276500000009,0.16101385199999996,0.15367266999999996,0.13982830499999999,0.12244439200000001,0.09959520999999993,0.14107190000000003,0.13111760800000005,0.11440658600000009,0.09138171000000006,0.07328070999999992,0.12508580700000005,0.1158710730000001,0.10048659800000004,0.08773492400000005,0.067668807,0.03834382700000005,0.12508580700000005,0.11345557900000003,0.09272694299999995,0.07481787900000003,0.05427900299999999,0.029338596000000106,0.13206276499999992,0.11344036499999999,0.09514956500000005,0.07659956499999998,0.0578958650000001,0.03563776499999993,0.11911776499999993,0.12497776499999991,0.1292427650000001,0.1375330050000001,0.128222925,0.11662276500000002,0.1299596649999999,0.12186476499999999,0.131872765,0.11608676499999993,0.11994316500000002,0.1098784049999999
2011,0.029624188000000107,-0.020024188399999976,-0.009924188399999978,-0.01962418840000002,-0.050724188400000036,-0.03402418839999999,-0.057624188400000054,-0.0712241884,0.03087581199999989,0.05507581199999989,0.10687581199999996,0.07754024999999998,-0.002124188399999949,-0.17522418839999998,-0.15472418840000002,-0.15202418839999998,-0.2205241884,-0.2214241884,-0.33095207540000005,-0.25356376270000003,-0.19896823809999997,-0.1975716139,-0.1453429638,-0.1864599656,0.056975811999999904,-0.0621241884,0.04686392500000003,0.007975811999999971,0.04977581200000003,0.045975812000000005,0.10277581199999997,0.06660021199999999,0.26315011199999994,0.06837581199999998,-0.007024188399999964,-0.02942418840000005,0.026315811999999994,-0.004551898400000032,-0.021189328399999985,0.03229067200000002,0.04069067199999998,-0.11222250869999995,-0.08438250869999997,0.006441163000000083,0.04109116299999993,0.03264581199999994,-0.0042841884,-0.11222250869999995,-0.03259250869999997,0.016472350999999996,0.02440116300000006,0.028515811999999974,-0.004204188400000031,-0.08182859340000004,-0.07954992400000005,-0.0941541884,-0.023779328399999966,-0.0610111337,0.08270510599999992,-0.06242418839999997,0.034490672,0.08052829400000006,0.029315812000000108,0.0035358119999999715,-0.020504188400000012,-0.08062418839999996,0.0032358120000000046,0.07179067200000011,0.026493434000000038,0.01571581200000005,-0.020504188400000012,-0.08899878279999995,-0.05734690170000001,-0.03451513939999995,-0.0036217336999999628,0.03294014699999992,-0.10278896839999996,-0.08025199240000003,-0.050731576400000034,-0.007899648400000014,0.032052352000000006,-0.1037404126,-0.08925087860000003,-0.059665187699999955,-0.028134765999999978,-0.0024318470999999953,0.008677926000000058,-0.1037404126,-0.08776096099999997,-0.05499679089999998,-0.02035756320000004,0.005301551000000071,0.013681709000000097,-0.0821041884,-0.05929978840000005,-0.035681388400000014,-0.01234538839999999,0.01127781200000011,0.03594581200000002,-0.057324188399999976,-0.011409188400000048,-0.03806418840000003,0.025616956999999996,-0.022191758399999983,-0.0058841884000000455,-0.005090688400000043,-0.049008188399999986,-0.009464188399999962,-0.008628188400000014,0.06766938700000003,0.10912303200000006
2012,0.01741022400000003,0.14508977600000006,0.1407897760000001,0.1325897760000001,0.1405897760000001,0.141689776,0.1629897760000001,0.16818977599999996,0.09758977599999996,0.15788977599999998,0.09348977599999997,0.17279231400000006,0.017289775999999923,0.16398977599999998,0.16818977599999996,0.157789776,0.17148977600000004,0.1689897760000001,0.24890482599999997,0.105368978,0.413824368,0.22704537700000005,0.2229444359999999,0.1926584739999999,0.06628977600000008,-0.0235102237,0.14780553399999996,0.04538977599999994,0.0961897759999999,0.02308977599999995,0.05038977600000005,0.039546576,0.017242376000000004,0.009289775999999916,-0.010510223699999988,-0.017210223700000027,0.06810977600000001,0.113891556,0.11858029599999997,0.08940029599999999,0.07014029599999994,0.15710220600000002,0.14683220600000002,0.12166430199999989,0.09496430199999994,0.04677977599999994,0.02004977600000002,0.15710220600000002,0.131002206,0.1082827260000001,0.08120430199999995,0.045119775999999945,0.020469776000000106,0.155003236,0.13830282300000007,0.13947977599999994,0.12180029599999997,0.14669759399999993,0.07866550099999992,0.1283897759999999,0.09804029599999997,0.09860344799999998,0.07928977599999998,0.04730977600000008,0.03656977600000011,0.1434697760000001,0.11328977600000001,0.092080296,0.09305292800000009,0.06138977599999995,0.03656977600000011,0.1532645640000001,0.14525672200000006,0.1361910369999999,0.12564182499999998,0.10508498199999994,0.14189761600000006,0.13376388800000005,0.11813384000000005,0.09470165600000002,0.0705436559999999,0.15756156600000004,0.1468950280000001,0.1273660379999999,0.10633277399999996,0.07510811700000009,0.030753253999999952,0.15756156600000004,0.146734296,0.12690220799999996,0.10580767599999996,0.07477657300000007,0.030627387000000006,0.15264977600000007,0.12825447599999995,0.10374237600000003,0.07916837599999993,0.05433147599999999,0.015424775999999918,0.11536477600000006,0.09686977599999991,0.1262497760000001,0.11892766600000004,0.123360036,0.11254977600000005,0.09668517600000004,0.10315977600000004,0.10187977600000009,0.1137337759999999,0.05285292599999991,0.055025815999999894
2013,0.015017355999999982,0.3184826439999999,0.3067826440000001,0.31348264400000003,0.3349826440000001,0.3591826440000001,0.3611826440000001,0.3490826440000001,0.273482644,0.008082643999999917,0.26478264400000007,0.4117533659999999,0.24268264400000006,0.1353826440000001,0.20558264399999993,0.21108264399999999,0.1593826439999999,-0.06691735620000006,0.004611138000000015,0.221959998,0.008298101000000058,0.220438782,0.0031551670000000698,-0.0896653865,-0.2944173562,-0.03541735619999997,-0.09294751040000004,-0.0049173562,-0.033017356200000014,-0.03761735619999995,-0.10421735620000006,-0.030568556199999986,-0.14527145620000004,-0.04591735620000004,-0.0160173562,-0.01491735620000001,0.053162643999999926,0.14391041400000004,0.11423182399999998,0.12009182399999996,0.04727182400000007,0.15636345499999993,0.1336134550000001,0.05953961899999993,0.00015961899999994422,0.010822644000000103,-0.013387356199999978,0.15636345499999993,0.20251345500000006,0.11207263500000009,-0.02576038089999999,-0.027087356200000023,-0.01766735620000004,0.06456419000000002,0.18787891499999998,0.2029326440000001,0.10139682400000005,0.20009898400000004,0.007809283999999916,0.08440264400000008,0.06873182400000011,0.016245792999999953,0.055382644000000036,-0.0029973561999999676,0.0019826439999999224,0.21512264400000003,0.15074264399999993,0.1086918240000001,0.042096613000000005,0.05748264400000003,0.0019826439999999224,0.07599013599999993,0.12260483499999997,0.10234523099999993,0.0787177240000001,-0.014012577799999981,0.146796084,0.16591203599999993,0.14662786799999994,0.1177087240000001,0.0501587240000001,0.22637502599999992,0.20305836100000008,0.15638017699999995,0.10480152500000006,0.0489455270000001,-0.002006379899999966,0.22637502599999992,0.20302869699999992,0.15635247099999994,0.10476723100000007,0.04916502300000003,-0.0017433151000000313,0.24524264399999995,0.1904394439999999,0.13651904399999992,0.0819090440000001,0.02676994399999999,-0.040047356199999995,0.21438264400000007,0.13133764400000003,0.17848664399999992,0.08722952900000003,0.134172234,0.07056264400000001,0.0990697439999999,0.09843264400000007,0.13235264400000002,0.12941564400000005,-0.034030881199999974,0.0058110039999998975
2014,0.007564933000000051,0.11673506700000003,0.12753506699999995,0.12293506700000001,0.12843506700000007,0.13083506700000003,0.06613506700000005,0.09633506700000005,0.09223506700000006,0.29373506700000007,0.15093506700000003,0.234670481,-0.10666493269999999,-0.04996493270000002,-0.06416493270000001,-0.06406493270000002,-0.05566493269999995,-0.003364932700000045,-0.026368811899999955,0.025493323000000068,0.014842943000000108,-0.0918121542,-0.05398349619999998,0.0204741100000001,-0.011864932699999997,-0.3435649327,0.052881919000000055,0.080735067,0.06713506699999994,0.050035067000000044,0.03073506699999995,0.06489706699999997,0.2452023670000001,0.035635067000000076,-0.0004649327000000314,-0.007464932700000038,0.0569950669999999,0.10546525700000009,0.09358852700000009,0.10426852700000011,0.09424852699999997,0.03741424900000001,0.03656424899999999,0.08170239499999998,0.08419239500000009,0.05612506699999997,0.018565066999999935,0.03741424900000001,0.056634249000000025,0.08094770899999992,0.06400239499999993,0.0406550670000001,0.012045067000000076,0.046150855000000046,0.0692776639999999,0.07457006700000002,0.10072852700000001,0.10036199400000001,0.1087538830000001,0.042175067000000066,0.09188852700000005,0.10669789799999996,0.07323506699999993,0.026715067000000037,0.012415067000000057,0.07071506700000008,0.07303506699999995,0.12918852699999994,0.057564437999999996,0.0468950669999999,0.012415067000000057,0.07092041000000004,0.08120887799999998,0.07691381499999994,0.07261815800000004,0.062220626,0.031446166999999914,0.0370686469999999,0.04701932700000011,0.05085776700000011,0.043438767000000045,0.028950902000000056,0.031867816999999965,0.039371435000000066,0.04909703799999998,0.0447909689999999,0.0261491920000001,0.028950902000000056,0.03214456500000007,0.040316098999999994,0.050758432000000075,0.046713358999999954,0.027539143999999904,0.05005506699999995,0.05145966700000004,0.0536670669999999,0.05550506699999991,0.05737636700000004,0.029465067000000067,0.03226006699999995,0.06510006699999993,0.07754706700000003,0.12536516200000003,0.06374179700000004,0.094395067,0.06116346700000008,0.04108706700000009,0.085685067,0.0453190670000001,0.08565189200000001,0.11178948700000002
2015,0.007295198000000003,-0.004395197899999981,0.005204801999999953,-0.01759519789999997,-0.021895197900000052,-0.0263951979,-0.04509519790000005,-0.05509519789999995,-0.027795197899999957,0.014904801999999995,0.05280480200000004,0.0639042809999999,-0.23939519789999997,-0.050995197899999956,-0.009095197900000018,-0.06619519789999995,-0.010495197899999975,-0.1623951979,-0.13141689219999997,-0.1794522437,-0.02558946019999997,-0.05273036630000005,-0.10671662869999998,-0.26729215669999995,-0.12439519789999998,-0.3419951979,0.0030517789999999767,0.003104801999999962,0.0015048019999999163,-0.004295197899999992,-0.025595197899999977,0.021281901999999908,-0.022666197900000018,0.0077048019999998996,-0.002795197900000046,-0.0070951979000000165,-0.026755197900000027,-0.02018849789999999,-0.03382939789999995,-0.0022093978999999653,0.003690602000000043,-0.061298410599999964,-0.05749841060000005,-0.04971791290000005,-0.04688791290000005,-0.01315519789999997,-0.02158519790000002,-0.061298410599999964,-0.07411841060000002,-0.0784226106,-0.052297912899999965,-0.023865197899999968,-0.02519519790000002,-0.07724962410000002,-0.06218092850000001,-0.06341019790000002,-0.03572439790000004,-0.048847763000000044,-0.03101913420000002,-0.05417519790000003,-0.026229397900000007,-0.02926000250000005,-0.025575197899999957,-0.037875197900000046,-0.040155197899999995,-0.034575197899999965,-0.011135197899999949,-0.029409397899999967,-0.02528580250000001,-0.02645519789999995,-0.040155197899999995,-0.059177849000000005,-0.03998237920000003,-0.030481439699999946,-0.017813090800000042,-0.01702262109999997,-0.07052334289999995,-0.05556425890000005,-0.041685464900000024,-0.027724212900000045,-0.030898212900000055,-0.031991993100000005,-0.027775746200000007,-0.018956924799999997,-0.013670220199999972,-0.010410889900000053,-0.006516170399999965,-0.031991993100000005,-0.026539782800000022,-0.015004863599999974,-0.00706789249999995,-0.00355304540000001,-0.0019322588000000307,-0.02303519789999997,-0.018983097899999968,-0.014705397900000028,-0.010513397900000054,-0.006274597899999956,-0.006965197900000053,-0.012945197900000038,-0.015385197900000036,-0.014015197900000054,-0.015060847899999952,-0.030227297900000005,-0.012595197899999966,-0.05020559790000001,-0.02713719790000002,-0.016585197900000015,-0.0421051979,-0.03963794789999997,-0.04420859789999998
2016,0.016899999999999915,0.10840000000000005,0.10129999999999995,0.15060000000000007,0.0938000000000001,0.1342000000000001,0.16480000000000006,0.22960000000000003,0.10040000000000004,0.0665,0.04610000000000003,-0.05010000000000003,0.2724,0.02960000000000007,0.007600000000000051,0.03180000000000005,0.024799999999999933,0.09810000000000008,0.0625,0.0033000000000000806,0.0032000000000000917,0.006799999999999917,0.09410000000000007,0.15060000000000007,0.07190000000000007,0.08230000000000004,0.0757000000000001,0.02980000000000005,0.03610000000000002,0.008099999999999996,0.028299999999999992,-0.016100000000000003,-0.0049000000000000155,-0.0050000000000000044,-0.007000000000000006,-0.014399999999999968,0.06973999999999991,0.0574619999999999,0.059660000000000046,0.04166000000000003,0.02078000000000002,0.07637999999999989,0.07376000000000005,0.06345,0.049169999999999936,0.03422999999999998,0.017779999999999907,0.07637999999999989,0.13215,0.10359999999999991,0.04235000000000011,0.04198999999999997,0.025150000000000006,0.09524500000000002,0.09481000000000006,0.1187450000000001,0.06068000000000007,0.08311000000000002,0.04638999999999993,0.07502000000000009,0.05441999999999991,0.08367999999999998,0.07709999999999995,0.05912000000000006,0.05166000000000004,0.08748,0.0646199999999999,0.07630000000000003,0.08325999999999989,0.06671999999999989,0.05166000000000004,0.0786690000000001,0.0786150000000001,0.07239400000000007,0.06713100000000005,0.05154199999999998,0.08975500000000003,0.08390900000000001,0.0726469999999999,0.059145,0.05062499999999992,0.08184140000000006,0.07531639999999995,0.06468340000000006,0.05650639999999996,0.0405762999999999,0.015935199999999927,0.08184140000000006,0.0734629,0.05882490000000007,0.046863099999999935,0.03080599999999989,0.00952670000000011,0.07688000000000006,0.0642898999999999,0.052072099999999955,0.03961809999999999,0.027042299999999964,0.0058450000000001,0.06667500000000004,0.06950999999999996,0.06607600000000002,0.05537499999999995,0.0633649999999999,0.0525199999999999,0.08904299999999998,0.05835799999999991,0.07748,0.09783199999999992,0.0402499999999999,0.04137499999999994
